cat order,subcat order,category,subcategory,emoji,georgian,audio,english,russian
1,1,Foundations,Basics,â•,áƒ“áƒ,/asdf,and,Ğ¸
1,1,Foundations,Basics,ğŸ‘,áƒªáƒ£áƒ“áƒáƒ“,/asdf,badly,Ğ¿Ğ»Ğ¾Ñ…Ğ¾
1,1,Foundations,Basics,ğŸ”—,áƒ áƒáƒ“áƒ’áƒáƒœ,/asdf,because,Ğ¿Ğ¾Ñ‚Ğ¾Ğ¼Ñƒ Ñ‡Ñ‚Ğ¾
1,1,Foundations,Basics,â–,áƒ›áƒáƒ’áƒ áƒáƒ›,/asdf,but,Ğ½Ğ¾
1,1,Foundations,Basics,ğŸ¯,áƒ¡áƒ¬áƒáƒ áƒ˜,/asdf,correct,Ğ²ĞµÑ€Ğ½Ğ¾
1,1,Foundations,Basics,ğŸšªğŸš¶,áƒœáƒáƒ®áƒ•áƒáƒ›áƒ“áƒ˜áƒ¡,/asdf,goodbye,Ğ´Ğ¾ ÑĞ²Ğ¸Ğ´Ğ°Ğ½Ğ¸Ñ
1,1,Foundations,Basics,ğŸ‘‹,áƒ’áƒáƒ›áƒáƒ áƒ¯áƒáƒ‘áƒáƒ—,/asdf,hello,Ğ·Ğ´Ñ€Ğ°Ğ²ÑÑ‚Ğ²ÑƒĞ¹Ñ‚Ğµ
1,1,Foundations,Basics,â“,áƒ áƒáƒ’áƒáƒ  áƒ®áƒáƒ áƒ—?,/asdf,how are you?,ĞºĞ°Ğº Ğ²Ğ°ÑˆĞ¸ Ğ´ĞµĞ»Ğ°?
1,1,Foundations,Basics,ğŸ™‹â€â™‚ï¸,áƒ›áƒ” áƒ•áƒáƒ ,/asdf,I am,Ğ¯ (ĞµÑÑ‚ÑŒ)
1,1,Foundations,Basics,ğŸ¤·,áƒáƒ  áƒ•áƒ˜áƒªáƒ˜,/asdf,I don't know,Ğ¯ Ğ½Ğµ Ğ·Ğ½Ğ°Ñ
1,1,Foundations,Basics,âŒğŸ’¡,áƒ•áƒ”áƒ  áƒ’áƒáƒ•áƒ˜áƒ’áƒ”,/asdf,I don't understand,Ğ¯ Ğ½Ğµ Ğ¿Ğ¾Ğ½Ğ¸Ğ¼Ğ°Ñ
1,1,Foundations,Basics,ğŸ’¡,áƒ›áƒ” áƒ’áƒáƒ•áƒ˜áƒ’áƒ”,/asdf,I understood,Ğ¯ Ğ¿Ğ¾Ğ½ÑĞ»(a)
1,1,Foundations,Basics,â€¢,áƒ”áƒ¡ áƒáƒ áƒ˜áƒ¡,/asdf,it is,ÑÑ‚Ğ¾ Ñ‚Ğ°Ğº
1,1,Foundations,Basics,ğŸ“›,áƒ›áƒ” áƒ›áƒ¥áƒ•áƒ˜áƒ,/asdf,my name is,Ğ¼ĞµĞ½Ñ Ğ·Ğ¾Ğ²ÑƒÑ‚
1,1,Foundations,Basics,ğŸ¤,áƒ¡áƒáƒ¡áƒ˜áƒáƒ›áƒáƒ•áƒœáƒáƒ,/asdf,nice to meet you,Ğ¾Ñ‡ĞµĞ½ÑŒ Ğ¿Ñ€Ğ¸ÑÑ‚Ğ½Ğ¾
1,1,Foundations,Basics,âŒ,áƒáƒ áƒ,/asdf,no,Ğ½ĞµÑ‚
1,1,Foundations,Basics,ğŸ‘Œ,áƒ™áƒáƒ áƒ’áƒ˜,/asdf,okay,Ñ…Ğ¾Ñ€Ğ¾ÑˆĞ¾
1,1,Foundations,Basics,ğŸ†š,áƒáƒœ,/asdf,or,Ğ¸Ğ»Ğ¸
1,1,Foundations,Basics,ğŸ¤²,áƒ—áƒ£ áƒ¨áƒ”áƒ˜áƒ«áƒšáƒ”áƒ‘áƒ,/asdf,please,Ğ¿Ğ¾Ğ¶Ğ°Ğ»ÑƒĞ¹ÑÑ‚Ğ°
1,1,Foundations,Basics,â—,áƒ‘áƒáƒ“áƒ˜áƒ¨áƒ˜áƒ— / áƒ£áƒ™áƒáƒªáƒ áƒáƒ•áƒáƒ“,/asdf,sorry / excuse me,Ğ¸Ğ·Ğ²Ğ¸Ğ½Ğ¸Ñ‚Ğµ
1,1,Foundations,Basics,ğŸ™,áƒ›áƒáƒ“áƒšáƒáƒ‘áƒ,/asdf,thank you,ÑĞ¿Ğ°ÑĞ¸Ğ±Ğ¾
1,1,Foundations,Basics,â¡ï¸,áƒáƒ›áƒ˜áƒ¢áƒáƒ›,/asdf,therefore / that's why,Ğ¿Ğ¾ÑÑ‚Ğ¾Ğ¼Ñƒ
1,1,Foundations,Basics,ğŸ‘,áƒ™áƒáƒ áƒ’áƒáƒ“,/asdf,well / good,Ñ…Ğ¾Ñ€Ğ¾ÑˆĞ¾
1,1,Foundations,Basics,ğŸ‘‡â“,áƒ”áƒ¡ áƒ áƒ áƒáƒ áƒ˜áƒ¡?,/asdf,what is this?,Ñ‡Ñ‚Ğ¾ ÑÑ‚Ğ¾?
1,1,Foundations,Basics,âœ…,áƒ™áƒ˜ / áƒ“áƒ˜áƒáƒ®,/asdf,yes,Ğ´Ğ°
1,1,Foundations,Basics,ğŸ’,áƒáƒ áƒáƒ¤áƒ áƒ˜áƒ¡,/asdf,you're welcome,Ğ¿Ğ¾Ğ¶Ğ°Ğ»ÑƒĞ¹ÑÑ‚Ğ°
1,2,Foundations,Questions,ğŸ’³â“,áƒ‘áƒáƒ áƒáƒ—áƒ˜áƒ—?,,by card,ĞºĞ°Ñ€Ñ‚Ğ¾Ğ¹
1,2,Foundations,Questions,ğŸ«´â“,áƒ’áƒáƒ¥áƒ•áƒ—...?,,do you have...?,Ñƒ Ğ²Ğ°Ñ ĞµÑÑ‚ÑŒ...?
1,2,Foundations,Questions,ğŸ›ï¸â“,áƒáƒáƒ áƒ™áƒ˜ áƒ’áƒ˜áƒœáƒ“áƒáƒ—?,,do you want a bag?,Ñ…Ğ¾Ñ‚Ğ¸Ñ‚Ğµ Ğ¿Ğ°ĞºĞµÑ‚?
1,2,Foundations,Questions,ğŸ‘¶â“,áƒ áƒ áƒáƒ¡áƒáƒ™áƒ˜áƒ¡áƒ—áƒ•áƒ˜áƒ¡?,,for what age?,Ğ´Ğ»Ñ ĞºĞ°ĞºĞ¾Ğ³Ğ¾ Ğ²Ğ¾Ğ·Ñ€Ğ°ÑÑ‚Ğ°?
1,2,Foundations,Questions,âš™ï¸â“,áƒ áƒáƒ’áƒáƒ ,,how,ĞºĞ°Ğº
1,2,Foundations,Questions,â³â“,áƒ áƒáƒ›áƒ“áƒ”áƒœ áƒ®áƒáƒœáƒ¡?,,how long?,ĞºĞ°Ğº Ğ´Ğ¾Ğ»Ğ³Ğ¾?
1,2,Foundations,Questions,ğŸ”¢,áƒ áƒáƒ›áƒ“áƒ”áƒœáƒ˜?,,how many?,ÑĞºĞ¾Ğ»ÑŒĞºĞ¾?
1,2,Foundations,Questions,ğŸ’°â“,áƒ áƒ áƒ¦áƒ˜áƒ áƒ¡?,,how much does it cost?,ÑĞºĞ¾Ğ»ÑŒĞºĞ¾ ÑÑ‚Ğ¾ ÑÑ‚Ğ¾Ğ¸Ñ‚?
1,2,Foundations,Questions,ğŸ”â“,áƒ áƒáƒ›áƒ“áƒ”áƒœáƒáƒ“ áƒ®áƒ¨áƒ˜áƒ áƒáƒ“?,,how often?,ĞºĞ°Ğº Ñ‡Ğ°ÑÑ‚Ğ¾?
1,2,Foundations,Questions,â“,áƒ áƒ?,,what?,Ñ‡Ñ‚Ğ¾?
1,2,Foundations,Questions,â°,áƒ áƒáƒ“áƒ˜áƒ¡?,,when?,ĞºĞ¾Ğ³Ğ´Ğ°?
1,2,Foundations,Questions,ğŸš»,áƒ¡áƒáƒ“ áƒáƒ áƒ˜áƒ¡ áƒ¢áƒ£áƒáƒšáƒ”áƒ¢áƒ˜?,,where is the bathroom?,Ğ³Ğ´Ğµ Ñ‚ÑƒĞ°Ğ»ĞµÑ‚?
1,2,Foundations,Questions,ğŸ“,áƒ¡áƒáƒ“?,,where?,Ğ³Ğ´Ğµ?
1,2,Foundations,Questions,ğŸ‘ˆğŸ‘‰,áƒ áƒáƒ›áƒ”áƒšáƒ˜?,,which?,ĞºĞ°ĞºĞ¾Ğ¹?
1,2,Foundations,Questions,ğŸ‘¤,áƒ•áƒ˜áƒœ?,,who?,ĞºÑ‚Ğ¾?
1,2,Foundations,Questions,ğŸ¤”,áƒ áƒáƒ¢áƒáƒ›?,,why?,Ğ¿Ğ¾Ñ‡ĞµĞ¼Ñƒ?
1,3,Foundations,Numbers,8ï¸âƒ£,áƒ áƒ•áƒ,,eight,Ğ²Ğ¾ÑĞµĞ¼ÑŒ
1,3,Foundations,Numbers,8ï¸âƒ£0ï¸âƒ£,áƒáƒ—áƒ®áƒ›áƒáƒªáƒ˜,,eighty,Ğ²Ğ¾ÑĞµĞ¼ÑŒĞ´ĞµÑÑÑ‚
1,3,Foundations,Numbers,ğŸ¤,áƒªáƒáƒ¢áƒ,,few / a little,Ğ½ĞµĞ¼Ğ½Ğ¾Ğ³Ğ¾
1,3,Foundations,Numbers,5ï¸âƒ£0ï¸âƒ£,áƒáƒ áƒ›áƒáƒªáƒ“áƒáƒáƒ—áƒ˜,,fifty,Ğ¿ÑÑ‚ÑŒĞ´ĞµÑÑÑ‚
1,3,Foundations,Numbers,5ï¸âƒ£,áƒ®áƒ£áƒ—áƒ˜,,five,Ğ¿ÑÑ‚ÑŒ
1,3,Foundations,Numbers,4ï¸âƒ£0ï¸âƒ£,áƒáƒ áƒ›áƒáƒªáƒ˜,,forty,ÑĞ¾Ñ€Ğ¾Ğº
1,3,Foundations,Numbers,4ï¸âƒ£,áƒáƒ—áƒ®áƒ˜,,four,Ñ‡ĞµÑ‚Ñ‹Ñ€Ğµ
1,3,Foundations,Numbers,ğŸ”¢+,áƒ‘áƒ”áƒ•áƒ áƒ˜,,many,Ğ¼Ğ½Ğ¾Ğ³Ğ¾
1,3,Foundations,Numbers,9ï¸âƒ£,áƒªáƒ®áƒ áƒ,,nine,Ğ´ĞµĞ²ÑÑ‚ÑŒ
1,3,Foundations,Numbers,9ï¸âƒ£0ï¸âƒ£,áƒáƒ—áƒ®áƒ›áƒáƒªáƒ“áƒáƒáƒ—áƒ˜,,ninety,Ğ´ĞµĞ²ÑĞ½Ğ¾ÑÑ‚Ğ¾
1,3,Foundations,Numbers,1ï¸âƒ£,áƒ”áƒ áƒ—áƒ˜,,one,Ğ¾Ğ´Ğ¸Ğ½
1,3,Foundations,Numbers,1ï¸âƒ£0ï¸âƒ£0ï¸âƒ£,áƒáƒ¡áƒ˜,,one hundred,ÑÑ‚Ğ¾
1,3,Foundations,Numbers,1ï¸âƒ£0ï¸âƒ£0ï¸âƒ£0ï¸âƒ£,áƒáƒ—áƒáƒ¡áƒ˜,,one thousand,Ñ‚Ñ‹ÑÑÑ‡Ğ°
1,3,Foundations,Numbers,7ï¸âƒ£,áƒ¨áƒ•áƒ˜áƒ“áƒ˜,,seven,ÑĞµĞ¼ÑŒ
1,3,Foundations,Numbers,7ï¸âƒ£0ï¸âƒ£,áƒ¡áƒáƒ›áƒáƒªáƒ“áƒáƒáƒ—áƒ˜,,seventy,ÑĞµĞ¼ÑŒĞ´ĞµÑÑÑ‚
1,3,Foundations,Numbers,6ï¸âƒ£,áƒ”áƒ¥áƒ•áƒ¡áƒ˜,,six,ÑˆĞµÑÑ‚ÑŒ
1,3,Foundations,Numbers,6ï¸âƒ£0ï¸âƒ£,áƒ¡áƒáƒ›áƒáƒªáƒ˜,,sixty,ÑˆĞµÑÑ‚ÑŒĞ´ĞµÑÑÑ‚
1,3,Foundations,Numbers,ğŸ”Ÿ,áƒáƒ—áƒ˜,,ten,Ğ´ĞµÑÑÑ‚ÑŒ
1,3,Foundations,Numbers,3ï¸âƒ£0ï¸âƒ£,áƒáƒªáƒ“áƒáƒáƒ—áƒ˜,,thirty,Ñ‚Ñ€Ğ¸Ğ´Ñ†Ğ°Ñ‚ÑŒ
1,3,Foundations,Numbers,3ï¸âƒ£,áƒ¡áƒáƒ›áƒ˜,,three,Ñ‚Ñ€Ğ¸
1,3,Foundations,Numbers,2ï¸âƒ£0ï¸âƒ£,áƒáƒªáƒ˜,,twenty,Ğ´Ğ²Ğ°Ğ´Ñ†Ğ°Ñ‚ÑŒ
1,3,Foundations,Numbers,2ï¸âƒ£,áƒáƒ áƒ˜,,two,Ğ´Ğ²Ğ°
1,3,Foundations,Numbers,0ï¸âƒ£,áƒœáƒ£áƒšáƒ˜,,zero,Ğ½Ğ¾Ğ»ÑŒ
1,4,Foundations,Times & Dates,â˜€ï¸,áƒ¨áƒ£áƒáƒ“áƒ¦áƒ”áƒ¡,,afternoon,Ğ´Ğ½Ñ‘Ğ¼
1,4,Foundations,Times & Dates,ğŸ“…,áƒ“áƒ¦áƒ”,,day,Ğ´ĞµĞ½ÑŒ
1,4,Foundations,Times & Dates,ğŸŒ‡,áƒ¡áƒáƒ¦áƒáƒ›áƒ,,evening,Ğ²ĞµÑ‡ĞµÑ€
1,4,Foundations,Times & Dates,5ï¸âƒ£ğŸ“…,áƒáƒáƒ áƒáƒ¡áƒ™áƒ”áƒ•áƒ˜,,friday,Ğ¿ÑÑ‚Ğ½Ğ¸Ñ†Ğ°
1,4,Foundations,Times & Dates,ğŸ•’,áƒ¡áƒáƒáƒ—áƒ˜,,hour / clock,Ñ‡Ğ°Ñ / Ñ‡Ğ°ÑÑ‹
1,4,Foundations,Times & Dates,â³,áƒ›áƒáƒ’áƒ•áƒ˜áƒáƒœáƒ”áƒ‘áƒ˜áƒ—,,later,Ğ¿Ğ¾Ğ·Ğ¶Ğµ
1,4,Foundations,Times & Dates,â±ï¸,áƒ¬áƒ£áƒ—áƒ˜,,minute,Ğ¼Ğ¸Ğ½ÑƒÑ‚Ğ°
1,4,Foundations,Times & Dates,1ï¸âƒ£ğŸ“…,áƒáƒ áƒ¨áƒáƒ‘áƒáƒ—áƒ˜,,monday,Ğ¿Ğ¾Ğ½ĞµĞ´ĞµĞ»ÑŒĞ½Ğ¸Ğº
1,4,Foundations,Times & Dates,ğŸ—“ï¸,áƒ—áƒ•áƒ”,,month,Ğ¼ĞµÑÑÑ†
1,4,Foundations,Times & Dates,ğŸŒ…,áƒ“áƒ˜áƒšáƒ,,morning,ÑƒÑ‚Ñ€Ğ¾
1,4,Foundations,Times & Dates,ğŸŒƒ,áƒ¦áƒáƒ›áƒ”,,night,Ğ½Ğ¾Ñ‡ÑŒ
1,4,Foundations,Times & Dates,âš¡,áƒáƒ®áƒšáƒ,,now,ÑĞµĞ¹Ñ‡Ğ°Ñ
1,4,Foundations,Times & Dates,6ï¸âƒ£ğŸ“…,áƒ¨áƒáƒ‘áƒáƒ—áƒ˜,,saturday,ÑÑƒĞ±Ğ±Ğ¾Ñ‚Ğ°
1,4,Foundations,Times & Dates,7ï¸âƒ£ğŸ“…,áƒ™áƒ•áƒ˜áƒ áƒ,,sunday,Ğ²Ğ¾ÑĞºÑ€ĞµÑĞµĞ½ÑŒĞµ
1,4,Foundations,Times & Dates,4ï¸âƒ£ğŸ“…,áƒ®áƒ£áƒ—áƒ¨áƒáƒ‘áƒáƒ—áƒ˜,,thursday,Ñ‡ĞµÑ‚Ğ²ĞµÑ€Ğ³
1,4,Foundations,Times & Dates,ğŸ“…ğŸ‘‡,áƒ“áƒ¦áƒ”áƒ¡,,today,ÑĞµĞ³Ğ¾Ğ´Ğ½Ñ
1,4,Foundations,Times & Dates,ğŸ“…â¡ï¸,áƒ®áƒ•áƒáƒš,,tomorrow,Ğ·Ğ°Ğ²Ñ‚Ñ€Ğ°
1,4,Foundations,Times & Dates,2ï¸âƒ£ğŸ“…,áƒ¡áƒáƒ›áƒ¨áƒáƒ‘áƒáƒ—áƒ˜,,tuesday,Ğ²Ñ‚Ğ¾Ñ€Ğ½Ğ¸Ğº
1,4,Foundations,Times & Dates,3ï¸âƒ£ğŸ“…,áƒáƒ—áƒ®áƒ¨áƒáƒ‘áƒáƒ—áƒ˜,,wednesday,ÑÑ€ĞµĞ´Ğ°
1,4,Foundations,Times & Dates,1ï¸âƒ£-7ï¸âƒ£,áƒ™áƒ•áƒ˜áƒ áƒ,,week,Ğ½ĞµĞ´ĞµĞ»Ñ
1,4,Foundations,Times & Dates,ğŸ†,áƒ¬áƒ”áƒšáƒ˜,,year,Ğ³Ğ¾Ğ´
1,4,Foundations,Times & Dates,ğŸ“…â¬…ï¸,áƒ’áƒ£áƒ¨áƒ˜áƒœ,,yesterday,Ğ²Ñ‡ĞµÑ€Ğ°
1,5,Foundations,Help,ğŸ“,áƒ“áƒáƒ áƒ”áƒ™áƒ”áƒ—...,,call...,Ğ¿Ğ¾Ğ·Ğ²Ğ¾Ğ½Ğ¸Ñ‚Ğµ...
1,5,Foundations,Help,ğŸ¤²,áƒ›áƒáƒ›áƒ”áƒªáƒ˜áƒ—,,give me,Ğ´Ğ°Ğ¹Ñ‚Ğµ Ğ¼Ğ½Ğµ
1,5,Foundations,Help,ğŸŸ¢,áƒ¬áƒáƒ“áƒ˜áƒ—,,go,Ğ¸Ğ´Ğ¸Ñ‚Ğµ
1,5,Foundations,Help,ğŸ†˜,áƒ“áƒáƒ›áƒ”áƒ®áƒ›áƒáƒ áƒ”áƒ—,,help me,Ğ¿Ğ¾Ğ¼Ğ¾Ğ³Ğ¸Ñ‚Ğµ Ğ¼Ğ½Ğµ
1,5,Foundations,Help,ğŸ™‹,áƒ›áƒ” áƒ›áƒ˜áƒœáƒ“áƒ...,,I want...,Ğ¯ Ñ…Ğ¾Ñ‡Ñƒ...
1,5,Foundations,Help,ğŸ‘‚,áƒ›áƒáƒ›áƒ˜áƒ¡áƒ›áƒ˜áƒœáƒ”áƒ—,,listen,Ğ¿Ğ¾ÑĞ»ÑƒÑˆĞ°Ğ¹Ñ‚Ğµ Ğ¼ĞµĞ½Ñ.
1,5,Foundations,Help,ğŸ‘€,áƒ¨áƒ”áƒ®áƒ”áƒ“áƒ”áƒ—,,look,ÑĞ¼Ğ¾Ñ‚Ñ€Ğ¸Ñ‚Ğµ
1,5,Foundations,Help,ğŸ”,áƒ’áƒáƒ˜áƒ›áƒ”áƒáƒ áƒ”áƒ—,,repeat,Ğ¿Ğ¾Ğ²Ñ‚Ğ¾Ñ€Ğ¸Ñ‚Ğµ
1,5,Foundations,Help,ğŸ—ºï¸,áƒ›áƒáƒ©áƒ•áƒ”áƒœáƒ”áƒ—,,show me,Ğ¿Ğ¾ĞºĞ°Ğ¶Ğ¸Ñ‚Ğµ Ğ¼Ğ½Ğµ
1,5,Foundations,Help,ğŸ¢,áƒœáƒ”áƒšáƒ,,slowly,Ğ¼ĞµĞ´Ğ»ĞµĞ½Ğ½Ğ¾
1,5,Foundations,Help,ğŸ›‘,áƒ’áƒáƒ©áƒ”áƒ áƒ“áƒ˜áƒ—,,stop,Ğ¾ÑÑ‚Ğ°Ğ½Ğ¾Ğ²Ğ¸Ñ‚ĞµÑÑŒ
1,5,Foundations,Help,â³,áƒ“áƒáƒ”áƒšáƒáƒ“áƒ”áƒ—,,wait,Ğ¿Ğ¾Ğ´Ğ¾Ğ¶Ğ´Ğ¸Ñ‚Ğµ
1,5,Foundations,Help,âœï¸,áƒ©áƒáƒ¬áƒ”áƒ áƒ”áƒ—,,write it down,Ğ·Ğ°Ğ¿Ğ¸ÑˆĞ¸Ñ‚Ğµ ÑÑ‚Ğ¾
2,1,People,Actions,ğŸ ğŸš¶,áƒ›áƒáƒ•áƒ“áƒ˜áƒ•áƒáƒ ,,I am coming,Ğ¯ Ğ¸Ğ´Ñƒ (Ğº Ñ‚ĞµĞ±Ğµ)
2,1,People,Actions,ğŸš¶ğŸ ,áƒ›áƒ” áƒ›áƒ˜áƒ•áƒ“áƒ˜áƒ•áƒáƒ ,,I am going,Ğ¯ Ğ¸Ğ´Ñƒ (Ğ² ...)
2,1,People,Actions,ğŸª¥,áƒ›áƒ” áƒ•áƒ˜áƒ®áƒ”áƒ®áƒáƒ•,,I brush,Ğ¯ Ñ‡Ğ¸Ñ‰Ñƒ
2,1,People,Actions,ğŸ’°,áƒ›áƒ” áƒ•áƒ§áƒ˜áƒ“áƒ£áƒšáƒáƒ‘,,I buy,Ğ¯ Ğ¿Ğ¾ĞºÑƒĞ¿Ğ°Ñ
2,1,People,Actions,ğŸ“,áƒ›áƒ” áƒ•áƒ áƒ”áƒ™áƒáƒ•,,I call,Ğ¯ Ğ·Ğ²Ğ¾Ğ½Ñ
2,1,People,Actions,ğŸ’,áƒ›áƒ” áƒ›áƒ˜áƒ›áƒáƒ¥áƒ•áƒ¡,,I carry,Ğ¯ Ğ½Ğ¾ÑˆÑƒ
2,1,People,Actions,ğŸ§¹,áƒ›áƒ” áƒ•áƒáƒ¡áƒ£áƒ¤áƒ—áƒáƒ•áƒ”áƒ‘,,I clean,Ğ¯ ÑƒĞ±Ğ¸Ñ€Ğ°Ñ
2,1,People,Actions,ğŸ˜¢,áƒ›áƒ” áƒ•áƒ¢áƒ˜áƒ áƒ˜,,I cry,Ğ¯ Ğ¿Ğ»Ğ°Ñ‡Ñƒ
2,1,People,Actions,ğŸ¥¤,áƒ›áƒ” áƒ•áƒ¡áƒ•áƒáƒ›,,I drink,Ğ¯ Ğ¿ÑŒÑ
2,1,People,Actions,ğŸ½ï¸,áƒ›áƒ” áƒ•áƒ­áƒáƒ›,,I eat,Ğ¯ ĞµĞ¼
2,1,People,Actions,ğŸ’ª,áƒ›áƒ” áƒ•áƒ•áƒáƒ áƒ¯áƒ˜áƒ¨áƒáƒ‘,,I exercise,Ğ¯ Ğ·Ğ°Ğ½Ğ¸Ğ¼Ğ°ÑÑÑŒ ÑĞ¿Ğ¾Ñ€Ñ‚Ğ¾Ğ¼
2,1,People,Actions,ğŸ› ï¸,áƒ›áƒ” áƒ•áƒáƒ™áƒ”áƒ—áƒ”áƒ‘,,I fix,Ğ¯ Ñ€ĞµĞ¼Ğ¾Ğ½Ñ‚Ğ¸Ñ€ÑƒÑ
2,1,People,Actions,ğŸ,áƒ›áƒ” áƒ•áƒáƒ«áƒšáƒ”áƒ•,,I give,Ğ¯ Ğ´Ğ°Ñ
2,1,People,Actions,ğŸ¶,áƒ›áƒ” áƒ›áƒ§áƒáƒ•áƒ¡,,I have (living beings),Ñƒ Ğ¼ĞµĞ½Ñ ĞµÑÑ‚ÑŒ (Ğ¶Ğ¸Ğ²Ñ‹Ğµ ÑÑƒÑ‰ĞµÑÑ‚Ğ²Ğ°)
2,1,People,Actions,ğŸ“¦,áƒ›áƒ” áƒ›áƒáƒ¥áƒ•áƒ¡,,I have (objects),Ñƒ Ğ¼ĞµĞ½Ñ ĞµÑÑ‚ÑŒ (Ğ¿Ñ€ĞµĞ´Ğ¼ĞµÑ‚Ñ‹)
2,1,People,Actions,ğŸ‘‚,áƒ›áƒ” áƒ›áƒ”áƒ¡áƒ›áƒ˜áƒ¡,,I hear,Ğ¯ ÑĞ»Ñ‹ÑˆÑƒ
2,1,People,Actions,ğŸ§ ,áƒ›áƒ” áƒ•áƒ˜áƒªáƒ˜,,I know,Ğ¯ Ğ·Ğ½Ğ°Ñ
2,1,People,Actions,ğŸ˜‚,áƒ›áƒ” áƒ•áƒ˜áƒªáƒ˜áƒœáƒ˜,,I laugh,Ğ¯ ÑĞ¼ĞµÑÑÑŒ
2,1,People,Actions,ğŸ‹ï¸,áƒ›áƒ” áƒ•áƒ¬áƒ”áƒ•,,I lift,Ğ¯ Ğ¿Ğ¾Ğ´Ğ½Ğ¸Ğ¼Ğ°Ñ
2,1,People,Actions,ğŸ‘,áƒ›áƒ” áƒ›áƒáƒ›áƒ¬áƒáƒœáƒ¡,,I like,Ğ¼Ğ½Ğµ Ğ½Ñ€Ğ°Ğ²Ğ¸Ñ‚ÑÑ
2,1,People,Actions,ğŸ§,áƒ›áƒ” áƒ•áƒ£áƒ¡áƒ›áƒ”áƒœ,,I listen,Ğ¯ ÑĞ»ÑƒÑˆĞ°Ñ
2,1,People,Actions,ğŸ ,áƒ›áƒ” áƒ•áƒªáƒ®áƒáƒ•áƒ áƒáƒ‘,,I live,Ğ¯ Ğ¶Ğ¸Ğ²Ñƒ
2,1,People,Actions,â™¥ï¸,áƒ›áƒ” áƒ›áƒ˜áƒ§áƒ•áƒáƒ áƒ¡,,I love,Ğ¯ Ğ»ÑĞ±Ğ»Ñ
2,1,People,Actions,ğŸ“±,áƒ›áƒ” áƒ•áƒ¬áƒ”áƒ  (áƒ›áƒ”áƒ¡áƒ˜áƒ¯áƒ¡),,I message,Ğ¯ Ğ¾Ñ‚Ğ¿Ñ€Ğ°Ğ²Ğ»ÑÑ ÑĞ¾Ğ¾Ğ±Ñ‰ĞµĞ½Ğ¸Ğµ
2,1,People,Actions,ğŸ™,áƒ›áƒ” áƒ›áƒ­áƒ˜áƒ áƒ“áƒ”áƒ‘áƒ,,I need,Ğ¼Ğ½Ğµ Ğ½ÑƒĞ¶Ğ½Ğ¾
2,1,People,Actions,ğŸ³,áƒ›áƒ” áƒ•áƒáƒ›áƒ–áƒáƒ“áƒ”áƒ‘,,I prepare,Ğ¯ Ğ³Ğ¾Ñ‚Ğ¾Ğ²Ğ»Ñ
2,1,People,Actions,ğŸ›’,áƒ›áƒ” áƒ•áƒáƒ¬áƒ•áƒ”áƒ‘áƒ˜,,I push,Ğ¯ Ñ‚Ğ¾Ğ»ĞºĞ°Ñ
2,1,People,Actions,ğŸ“–,áƒ›áƒ” áƒ•áƒ™áƒ˜áƒ—áƒ®áƒ£áƒšáƒáƒ‘,,I read,Ğ¯ Ñ‡Ğ¸Ñ‚Ğ°Ñ
2,1,People,Actions,ğŸ’¬,áƒ›áƒ” áƒ•áƒáƒ›áƒ‘áƒáƒ‘,,I say / tell,Ğ¯ Ğ³Ğ¾Ğ²Ğ¾Ñ€Ñ
2,1,People,Actions,ğŸ˜±,áƒ›áƒ” áƒ•áƒ§áƒ•áƒ˜áƒ áƒ˜,,I scream,Ğ¯ ĞºÑ€Ğ¸Ñ‡Ñƒ
2,1,People,Actions,ğŸ”,áƒ›áƒ” áƒ•áƒ”áƒ«áƒ”áƒ‘,,I search,Ğ¯ Ğ¸Ñ‰Ñƒ
2,1,People,Actions,ğŸ‘ï¸,áƒ›áƒ” áƒ•áƒ®áƒ”áƒ“áƒáƒ•,,I see,Ğ¯ Ğ²Ğ¸Ğ¶Ñƒ
2,1,People,Actions,ğŸš¿,áƒ›áƒ” áƒ•áƒ‘áƒáƒœáƒáƒáƒ‘,,I shower,Ğ¯ Ğ¿Ñ€Ğ¸Ğ½Ğ¸Ğ¼Ğ°Ñ Ğ´ÑƒÑˆ
2,1,People,Actions,ğŸ˜´,áƒ›áƒ” áƒ›áƒ«áƒ˜áƒœáƒáƒ•áƒ¡,,I sleep,Ğ¯ ÑĞ¿Ğ»Ñ
2,1,People,Actions,ğŸ‘ƒ,áƒ›áƒ” áƒ•áƒ’áƒ áƒ«áƒœáƒáƒ‘ áƒ¡áƒ£áƒœáƒ¡,,I smell,Ğ¯ Ñ‡ÑƒĞ²ÑÑ‚Ğ²ÑƒÑ Ğ·Ğ°Ğ¿Ğ°Ñ…
2,1,People,Actions,ğŸ˜Š,áƒ›áƒ” áƒ•áƒ˜áƒ¦áƒ˜áƒ›áƒ˜,,I smile,Ğ¯ ÑƒĞ»Ñ‹Ğ±Ğ°ÑÑÑŒ
2,1,People,Actions,ğŸ—£ï¸,áƒ›áƒ” áƒ•áƒšáƒáƒáƒáƒ áƒáƒ™áƒáƒ‘,,I speak,Ğ¯ Ğ³Ğ¾Ğ²Ğ¾Ñ€Ñ
2,1,People,Actions,ğŸ¦®,áƒ›áƒ” áƒ•áƒ¡áƒ”áƒ˜áƒ áƒœáƒáƒ‘,,I stroll,Ğ¯ Ğ³ÑƒĞ»ÑÑ
2,1,People,Actions,ğŸ“,áƒ•áƒ¡áƒ¬áƒáƒ•áƒšáƒáƒ‘,,I study,Ğ¯ ÑƒÑ‡ÑƒÑÑŒ
2,1,People,Actions,ğŸ¤²,áƒ›áƒ” áƒ•áƒ˜áƒ¦áƒ”áƒ‘,,I take,Ğ¯ Ğ±ĞµÑ€Ñƒ
2,1,People,Actions,ğŸ‘¥,áƒ›áƒ” áƒ•áƒ¡áƒáƒ£áƒ‘áƒ áƒáƒ‘,,I talk,Ğ¯ Ğ¾Ğ±Ñ‰Ğ°ÑÑÑŒ
2,1,People,Actions,ğŸ‘…,áƒ›áƒ” áƒ•áƒ¡áƒ˜áƒœáƒ¯áƒáƒ•,,I taste,Ğ¯ Ğ¿Ñ€Ğ¾Ğ±ÑƒÑ
2,1,People,Actions,ğŸ¤”,áƒ›áƒ” áƒ•áƒ¤áƒ˜áƒ¥áƒ áƒáƒ‘,,I think,Ğ¯ Ğ´ÑƒĞ¼Ğ°Ñ
2,1,People,Actions,ğŸ‘‰,áƒ›áƒ” áƒ•áƒ”áƒ®áƒ”áƒ‘áƒ˜,,I touch,Ğ¯ Ğ¿Ñ€Ğ¸ĞºĞ°ÑĞ°ÑÑÑŒ
2,1,People,Actions,â³,áƒ›áƒ” áƒ•áƒ”áƒšáƒáƒ“áƒ”áƒ‘áƒ˜,,I wait,Ğ¯ Ğ¶Ğ´Ñƒ
2,1,People,Actions,ğŸŒ…,áƒ›áƒ” áƒ•áƒ˜áƒ¦áƒ•áƒ˜áƒ«áƒ”áƒ‘,,I wake up,Ğ¯ Ğ¿Ñ€Ğ¾ÑÑ‹Ğ¿Ğ°ÑÑÑŒ
2,1,People,Actions,ğŸ§¼,áƒ›áƒ” áƒ•áƒ áƒ”áƒªáƒ®áƒáƒ•,,I wash,Ğ¯ Ğ¼Ğ¾Ñ
2,1,People,Actions,ğŸ“º,áƒ›áƒ” áƒ•áƒ£áƒ§áƒ£áƒ áƒ”áƒ‘,,I watch,Ğ¯ ÑĞ¼Ğ¾Ñ‚Ñ€Ñ
2,1,People,Actions,ğŸ’¼,áƒ›áƒ” áƒ•áƒ›áƒ£áƒ¨áƒáƒáƒ‘,,I work,Ğ¯ Ñ€Ğ°Ğ±Ğ¾Ñ‚Ğ°Ñ
2,1,People,Actions,âœï¸,áƒ›áƒ” áƒ•áƒ¬áƒ”áƒ ,,I write,Ğ¯ Ğ¿Ğ¸ÑˆÑƒ
2,2,People,Family,ğŸ‘¶,áƒ‘áƒáƒ•áƒ¨áƒ•áƒ˜,,baby,Ğ¼Ğ°Ğ»Ñ‹Ñˆ
2,2,People,Family,ğŸ‘¦(ğŸ‘§),áƒ«áƒ›áƒ,,brother,Ğ±Ñ€Ğ°Ñ‚
2,2,People,Family,ğŸ‘¦ğŸ‘§,áƒ‘áƒáƒ•áƒ¨áƒ•áƒ”áƒ‘áƒ˜,,children,Ğ´ĞµÑ‚Ğ¸
2,2,People,Family,ğŸ‘§(ğŸ‘«),áƒ¥áƒáƒšáƒ˜áƒ¨áƒ•áƒ˜áƒšáƒ˜,,daughter,Ğ´Ğ¾Ñ‡ÑŒ
2,2,People,Family,ğŸ§‘â€ğŸ§‘â€ğŸ§’â€ğŸ§’,áƒáƒ¯áƒáƒ®áƒ˜,,family,ÑĞµĞ¼ÑŒÑ
2,2,People,Family,ğŸ‘¨(ğŸ‘§),áƒ›áƒáƒ›áƒ,,father,Ğ¾Ñ‚ĞµÑ†
2,2,People,Family,ğŸ‘¨(ğŸ‘´),áƒ¨áƒ•áƒ˜áƒšáƒ˜áƒ¨áƒ•áƒ˜áƒšáƒ˜,,grandchild,Ğ²Ğ½ÑƒĞº / Ğ²Ğ½ÑƒÑ‡ĞºĞ°
2,2,People,Family,ğŸ‘´,áƒ‘áƒáƒ‘áƒ£áƒ / áƒáƒáƒáƒ,,grandfather,Ğ´ĞµĞ´ÑƒÑˆĞºĞ°
2,2,People,Family,ğŸ‘µ,áƒ‘áƒ”áƒ‘áƒ˜áƒ,,grandmother,Ğ±Ğ°Ğ±ÑƒÑˆĞºĞ°
2,2,People,Family,ğŸ§â€â™‚ï¸ğŸ’,áƒ¥áƒ›áƒáƒ áƒ˜,,husband,Ğ¼ÑƒĞ¶
2,2,People,Family,ğŸ¤°,áƒ“áƒ”áƒ“áƒ,,mother,Ğ¼Ğ°Ñ‚ÑŒ
2,2,People,Family,ğŸ‘«,áƒ›áƒ¨áƒáƒ‘áƒšáƒ”áƒ‘áƒ˜,,parents,Ñ€Ğ¾Ğ´Ğ¸Ñ‚ĞµĞ»Ğ¸
2,2,People,Family,ğŸ‘§(ğŸ‘¦),áƒ“áƒ,,sister,ÑĞµÑÑ‚Ñ€Ğ°
2,2,People,Family,ğŸ‘¦(ğŸ‘«),áƒ•áƒáƒŸáƒ˜áƒ¨áƒ•áƒ˜áƒšáƒ˜,,son,ÑÑ‹Ğ½
2,2,People,Family,ğŸ§â€â™€ï¸ğŸ’,áƒªáƒáƒšáƒ˜,,wife,Ğ¶ĞµĞ½Ğ°
2,3,People,Social,ğŸ‘‹,áƒœáƒáƒªáƒœáƒáƒ‘áƒ˜,,acquaintance,Ğ·Ğ½Ğ°ĞºĞ¾Ğ¼Ñ‹Ğ¹
2,3,People,Social,ğŸ‘¦,áƒ‘áƒ˜áƒ­áƒ˜,,boy,Ğ¼Ğ°Ğ»ÑŒÑ‡Ğ¸Ğº
2,3,People,Social,ğŸ‘¶,áƒ‘áƒáƒ•áƒ¨áƒ•áƒ˜,,child,Ñ€ĞµĞ±ĞµĞ½Ğ¾Ğº
2,3,People,Social,ğŸ‘«,áƒ¬áƒ§áƒ•áƒ˜áƒšáƒ˜,,couple,Ğ¿Ğ°Ñ€Ğ°
2,3,People,Social,ğŸ«‚,áƒ›áƒ”áƒ’áƒáƒ‘áƒáƒ áƒ˜,,friend,Ğ´Ñ€ÑƒĞ³
2,3,People,Social,ğŸ‘§,áƒ’áƒáƒ’áƒ,,girl,Ğ´ĞµĞ²Ğ¾Ñ‡ĞºĞ° / Ğ´ĞµĞ²ÑƒÑˆĞºĞ°
2,3,People,Social,ğŸ›‹ï¸,áƒ¡áƒ¢áƒ£áƒ›áƒáƒ áƒ˜,,guest,Ğ³Ğ¾ÑÑ‚ÑŒ
2,3,People,Social,ğŸ§”,áƒ™áƒáƒªáƒ˜,,man,Ğ¼ÑƒĞ¶Ñ‡Ğ¸Ğ½Ğ°
2,3,People,Social,ğŸ ğŸ™‹,áƒ›áƒ”áƒ–áƒáƒ‘áƒ”áƒšáƒ˜,,neighbor,ÑĞ¾ÑĞµĞ´
2,3,People,Social,ğŸ‘¥,áƒáƒ“áƒáƒ›áƒ˜áƒáƒœáƒ”áƒ‘áƒ˜,,persons,Ğ»ÑĞ´Ğ¸
2,3,People,Social,ğŸ‘¤,áƒ£áƒªáƒœáƒáƒ‘áƒ˜,,stranger,Ğ½ĞµĞ·Ğ½Ğ°ĞºĞ¾Ğ¼ĞµÑ†
2,3,People,Social,ğŸ‘©,áƒ¥áƒáƒšáƒ˜,,woman,Ğ¶ĞµĞ½Ñ‰Ğ¸Ğ½Ğ°
2,4,People,Professions,ğŸ‘©â€ğŸ¨,áƒ›áƒ®áƒáƒ¢áƒ•áƒáƒ áƒ˜,,artist,Ñ…ÑƒĞ´Ğ¾Ğ¶Ğ½Ğ¸Ğº
2,4,People,Professions,ğŸƒ,áƒ¡áƒáƒáƒ áƒ¢áƒ¡áƒ›áƒ”áƒœáƒ˜,,athlete,ÑĞ¿Ğ¾Ñ€Ñ‚ÑĞ¼ĞµĞ½
2,4,People,Professions,ğŸ‘©â€ğŸ³,áƒ›áƒªáƒ®áƒáƒ‘áƒ”áƒšáƒ˜,,baker,Ğ¿ĞµĞºĞ°Ñ€ÑŒ
2,4,People,Professions,ğŸ‘¨â€ğŸ³,áƒ›áƒ–áƒáƒ áƒ”áƒ£áƒšáƒ˜,,chef,Ğ¿Ğ¾Ğ²Ğ°Ñ€
2,4,People,Professions,ğŸ¦·,áƒ¡áƒ¢áƒáƒ›áƒáƒ¢áƒáƒšáƒáƒ’áƒ˜,,dentist,ÑÑ‚Ğ¾Ğ¼Ğ°Ñ‚Ğ¾Ğ»Ğ¾Ğ³
2,4,People,Professions,ğŸ•µï¸,áƒ“áƒ”áƒ¢áƒ”áƒ¥áƒ¢áƒ˜áƒ•áƒ˜,,detective,Ğ´ĞµÑ‚ĞµĞºÑ‚Ğ¸Ğ²
2,4,People,Professions,ğŸ‘©â€âš•ï¸,áƒ”áƒ¥áƒ˜áƒ›áƒ˜,,doctor,Ğ²Ñ€Ğ°Ñ‡
2,4,People,Professions,ğŸš•,áƒ›áƒ«áƒ¦áƒáƒšáƒ˜,,driver,Ğ²Ğ¾Ğ´Ğ¸Ñ‚ĞµĞ»ÑŒ
2,4,People,Professions,ğŸ‘¨â€ğŸŒ¾,áƒ’áƒšáƒ”áƒ®áƒ˜,,farmer,Ñ„ĞµÑ€Ğ¼ĞµÑ€
2,4,People,Professions,ğŸ‘¨â€ğŸš’,áƒ›áƒ”áƒ®áƒáƒœáƒ«áƒ áƒ”,,firefighter,Ğ¿Ğ¾Ğ¶Ğ°Ñ€Ğ½Ñ‹Ğ¹
2,4,People,Professions,ğŸ’‚,áƒ›áƒªáƒ•áƒ”áƒšáƒ˜,,guard,Ğ¾Ñ…Ñ€Ğ°Ğ½Ğ½Ğ¸Ğº
2,4,People,Professions,ğŸ› ï¸,áƒ®áƒ”áƒšáƒáƒ¡áƒáƒœáƒ˜,,handyman,Ğ¼Ğ°ÑÑ‚ĞµÑ€
2,4,People,Professions,ğŸ‘¨â€âš–ï¸,áƒ›áƒáƒ¡áƒáƒ›áƒáƒ áƒ—áƒšáƒ”,,judge,ÑÑƒĞ´ÑŒÑ
2,4,People,Professions,ğŸ‘¨â€ğŸ”§,áƒ›áƒ”áƒ¥áƒáƒœáƒ˜áƒ™áƒáƒ¡áƒ˜,,mechanic,Ğ¼ĞµÑ…Ğ°Ğ½Ğ¸Ğº
2,4,People,Professions,ğŸ‘¨â€ğŸ’»,áƒ—áƒáƒœáƒáƒ›áƒ¨áƒ áƒáƒ›áƒ”áƒšáƒ˜,,office worker,Ğ¾Ñ„Ğ¸ÑĞ½Ñ‹Ğ¹ Ñ€Ğ°Ğ±Ğ¾Ñ‚Ğ½Ğ¸Ğº
2,4,People,Professions,ğŸ‘©â€âœˆï¸,áƒáƒ˜áƒšáƒáƒ¢áƒ˜,,pilot,Ğ¿Ğ¸Ğ»Ğ¾Ñ‚
2,4,People,Professions,ğŸ‘®,áƒáƒáƒšáƒ˜áƒªáƒ˜áƒ”áƒšáƒ˜,,police officer,Ğ¿Ğ¾Ğ»Ğ¸Ñ†ĞµĞ¹ÑĞºĞ¸Ğ¹
2,4,People,Professions,ğŸ‘©â€ğŸ”¬,áƒ›áƒ”áƒªáƒœáƒ˜áƒ”áƒ áƒ˜,,scientist,ÑƒÑ‡ĞµĞ½Ñ‹Ğ¹
2,4,People,Professions,ğŸ‘©â€ğŸ“,áƒ¡áƒ¢áƒ£áƒ“áƒ”áƒœáƒ¢áƒ˜,,student,ÑÑ‚ÑƒĞ´ĞµĞ½Ñ‚
2,4,People,Professions,ğŸ‘¨â€ğŸ«,áƒ›áƒáƒ¡áƒ¬áƒáƒ•áƒšáƒ”áƒ‘áƒ”áƒšáƒ˜,,teacher,ÑƒÑ‡Ğ¸Ñ‚ĞµĞ»ÑŒ
2,4,People,Professions,ğŸ’â€â™€ï¸,áƒ›áƒ˜áƒ›áƒ¢áƒáƒœáƒ˜,,waiter,Ğ¾Ñ„Ğ¸Ñ†Ğ¸Ğ°Ğ½Ñ‚
2,4,People,Professions,ğŸ‘·â€â™‚ï¸,áƒ›áƒ£áƒ¨áƒ,,worker,Ñ€Ğ°Ğ±Ğ¾Ñ‚Ğ½Ğ¸Ğº
2,5,People,Body,ğŸ’ª,áƒ®áƒ”áƒšáƒ˜ / áƒ›áƒ™áƒšáƒáƒ•áƒ˜,,arm,Ñ€ÑƒĞºĞ°
2,5,People,Body,ğŸš¶â€â™‚ï¸â¬…ï¸,áƒ–áƒ£áƒ áƒ’áƒ˜,,back,ÑĞ¿Ğ¸Ğ½Ğ°
2,5,People,Body,ğŸ©¸,áƒ¡áƒ˜áƒ¡áƒ®áƒšáƒ˜,,blood,ĞºÑ€Ğ¾Ğ²ÑŒ
2,5,People,Body,ğŸ¦´,áƒ«áƒ•áƒáƒšáƒ˜,,bone,ĞºĞ¾ÑÑ‚ÑŒ
2,5,People,Body,ğŸ§ ,áƒ¢áƒ•áƒ˜áƒœáƒ˜,,brain,Ğ¼Ğ¾Ğ·Ğ³
2,5,People,Body,ğŸ‘‚,áƒ§áƒ£áƒ áƒ˜,,ear,ÑƒÑ…Ğ¾
2,5,People,Body,ğŸ‘ï¸,áƒ—áƒ•áƒáƒšáƒ˜,,eye,Ğ³Ğ»Ğ°Ğ·
2,5,People,Body,â˜ï¸,áƒ—áƒ˜áƒ—áƒ˜,,finger,Ğ¿Ğ°Ğ»ĞµÑ†
2,5,People,Body,ğŸ’…,áƒ¤áƒ áƒ©áƒ®áƒ˜áƒšáƒ”áƒ‘áƒ˜,,fingernails,Ğ½Ğ¾Ğ³Ñ‚Ğ¸
2,5,People,Body,ğŸ¦¶,áƒ¢áƒ”áƒ áƒ¤áƒ˜,,foot,ÑÑ‚ÑƒĞ¿Ğ½Ñ
2,5,People,Body,ğŸ’‡,áƒ—áƒ›áƒ,,hair,Ğ²Ğ¾Ğ»Ğ¾ÑÑ‹
2,5,People,Body,âœ‹,áƒ®áƒ”áƒšáƒ˜,,hand,Ñ€ÑƒĞºĞ°
2,5,People,Body,ğŸ‘¤,áƒ—áƒáƒ•áƒ˜,,head,Ğ³Ğ¾Ğ»Ğ¾Ğ²Ğ°
2,5,People,Body,â¤ï¸,áƒ’áƒ£áƒšáƒ˜,,heart,ÑĞµÑ€Ğ´Ñ†Ğµ
2,5,People,Body,ğŸ¦µ,áƒ¤áƒ”áƒ®áƒ˜,,leg,Ğ½Ğ¾Ğ³Ğ°
2,5,People,Body,ğŸ’‹,áƒ¢áƒ£áƒ©áƒ˜,,lip,Ğ³ÑƒĞ±Ğ°
2,5,People,Body,ğŸ‘„,áƒáƒ˜áƒ áƒ˜,,mouth,Ñ€Ğ¾Ñ‚
2,5,People,Body,ğŸ‘ƒ,áƒªáƒ®áƒ•áƒ˜áƒ áƒ˜,,nose,Ğ½Ğ¾Ñ
2,5,People,Body,ğŸ–ğŸ¼,áƒ™áƒáƒœáƒ˜,,skin,ĞºĞ¾Ğ¶Ğ°
2,5,People,Body,ğŸ¤¢,áƒ™áƒ£áƒ­áƒ˜,,stomach,Ğ¶ĞµĞ»ÑƒĞ´Ğ¾Ğº
2,5,People,Body,ğŸ‘…,áƒ”áƒœáƒ,,tongue,ÑĞ·Ñ‹Ğº
2,5,People,Body,ğŸ¦·,áƒ™áƒ‘áƒ˜áƒšáƒ˜,,tooth,Ğ·ÑƒĞ±
2,6,People,Feelings,ğŸ˜¡,áƒ’áƒáƒ‘áƒ áƒáƒ–áƒ”áƒ‘áƒ£áƒšáƒ˜,,angry,Ğ·Ğ»Ğ¾Ğ¹ / ÑĞµÑ€Ğ´Ğ¸Ñ‚Ñ‹Ğ¹
2,6,People,Feelings,ğŸ˜,áƒ›áƒáƒ¬áƒ§áƒ”áƒœáƒ˜áƒšáƒ˜,,bored,ÑĞºÑƒÑ‡Ğ°ÑÑ‰Ğ¸Ğ¹
2,6,People,Feelings,ğŸ¤”,áƒ“áƒáƒ‘áƒœáƒ”áƒ£áƒšáƒ˜,,confused,ÑĞ¼ÑƒÑ‰ĞµĞ½Ğ½Ñ‹Ğ¹
2,6,People,Feelings,ğŸ—£ï¸ğŸ’¨,áƒ®áƒ•áƒ”áƒšáƒ,,cough,ĞºĞ°ÑˆĞµĞ»ÑŒ
2,6,People,Feelings,ğŸ˜­,áƒ¢áƒ˜áƒ áƒ˜áƒšáƒ˜,,crying,Ğ¿Ğ»Ğ°Ñ‡
2,6,People,Feelings,ğŸŒ¡ï¸,áƒªáƒ®áƒ”áƒšáƒ”áƒ‘áƒ / áƒ¢áƒ”áƒ›áƒáƒ”áƒ áƒáƒ¢áƒ£áƒ áƒ,,fever / temperature,Ñ‚ĞµĞ¼Ğ¿ĞµÑ€Ğ°Ñ‚ÑƒÑ€Ğ°
2,6,People,Feelings,ğŸ˜€,áƒ‘áƒ”áƒ“áƒœáƒ˜áƒ”áƒ áƒ˜,,happy,ÑÑ‡Ğ°ÑÑ‚Ğ»Ğ¸Ğ²Ñ‹Ğ¹
2,6,People,Feelings,ğŸ¥¶,áƒ›áƒªáƒ˜áƒ•áƒ,,I am cold,Ğ¼Ğ½Ğµ Ñ…Ğ¾Ğ»Ğ¾Ğ´Ğ½Ğ¾
2,6,People,Feelings,ğŸ¥µ,áƒ›áƒªáƒ®áƒ”áƒšáƒ,,I am hot,Ğ¼Ğ½Ğµ Ğ¶Ğ°Ñ€ĞºĞ¾
2,6,People,Feelings,ğŸ˜‹,áƒ›áƒ¨áƒ˜áƒ˜,,I am hungry,Ğ¯ Ğ³Ğ¾Ğ»Ğ¾Ğ´Ğ½Ñ‹Ğ¹
2,6,People,Feelings,ğŸ¥¤,áƒ›áƒ¬áƒ§áƒ£áƒ áƒ˜áƒ,,I am thirsty,Ğ¯ Ñ…Ğ¾Ñ‡Ñƒ Ğ¿Ğ¸Ñ‚ÑŒ
2,6,People,Feelings,ğŸ¤¢,áƒªáƒ£áƒ“áƒáƒ“ / áƒáƒ•áƒáƒ“ áƒ•áƒáƒ ,,I feel bad / sick,Ğ¼Ğ½Ğµ Ğ¿Ğ»Ğ¾Ñ…Ğ¾
2,6,People,Feelings,ğŸ˜,áƒ¨áƒ”áƒ§áƒ•áƒáƒ áƒ”áƒ‘áƒ£áƒšáƒ˜,,in love,Ğ²Ğ»ÑĞ±Ğ»ĞµĞ½Ğ½Ñ‹Ğ¹
2,6,People,Feelings,ğŸ“ğŸ’¥,áƒáƒ¥ áƒ›áƒ¢áƒ™áƒ˜áƒ•áƒ,,it hurts here,Ñƒ Ğ¼ĞµĞ½Ñ Ğ·Ğ´ĞµÑÑŒ Ğ±Ğ¾Ğ»Ğ¸Ñ‚
2,6,People,Feelings,ğŸ˜‚,áƒ¡áƒ˜áƒªáƒ˜áƒšáƒ˜,,laughter,ÑĞ¼ĞµÑ…
2,6,People,Feelings,ğŸ¤•,áƒ¢áƒ™áƒ˜áƒ•áƒ˜áƒšáƒ˜,,paints,Ğ±Ğ¾Ğ»ÑŒ
2,6,People,Feelings,ğŸ˜¢,áƒ›áƒáƒ¬áƒ§áƒ”áƒœáƒ˜áƒšáƒ˜,,sad,Ğ³Ñ€ÑƒÑÑ‚Ğ½Ñ‹Ğ¹
2,6,People,Feelings,ğŸ˜±,áƒ¨áƒ”áƒ¨áƒ˜áƒœáƒ”áƒ‘áƒ£áƒšáƒ˜,,scared,Ğ¸ÑĞ¿ÑƒĞ³Ğ°Ğ½Ğ½Ñ‹Ğ¹
2,6,People,Feelings,ğŸ¤’,áƒáƒ•áƒáƒ“,,sick,Ğ±Ğ¾Ğ»ÑŒĞ½Ğ¾Ğ¹
2,6,People,Feelings,ğŸ˜´,áƒ«áƒ˜áƒšáƒ˜áƒáƒœáƒ˜,,sleepy,ÑĞ¾Ğ½Ğ½Ñ‹Ğ¹
2,6,People,Feelings,ğŸ˜²,áƒ’áƒáƒ™áƒ•áƒ˜áƒ áƒ•áƒ”áƒ‘áƒ£áƒšáƒ˜,,surprised,ÑƒĞ´Ğ¸Ğ²Ğ»ĞµĞ½Ğ½Ñ‹Ğ¹
3,1,Home,Rooms,ğŸŒ…,áƒáƒ˜áƒ•áƒáƒœáƒ˜,,balcony,Ğ±Ğ°Ğ»ĞºĞ¾Ğ½
3,1,Home,Rooms,ğŸ›,áƒáƒ‘áƒáƒ–áƒáƒœáƒ,,bathroom,Ğ²Ğ°Ğ½Ğ½Ğ°Ñ ĞºĞ¾Ğ¼Ğ½Ğ°Ñ‚Ğ°
3,1,Home,Rooms,ğŸ›ï¸,áƒ¡áƒáƒ«áƒ˜áƒœáƒ”áƒ‘áƒ”áƒšáƒ˜,,bedroom,ÑĞ¿Ğ°Ğ»ÑŒĞ½Ñ
3,1,Home,Rooms,ğŸ½ï¸,áƒ¡áƒáƒ¡áƒáƒ“áƒ˜áƒšáƒ áƒáƒ—áƒáƒ®áƒ˜,,dining room,ÑÑ‚Ğ¾Ğ»Ğ¾Ğ²Ğ°Ñ
3,1,Home,Rooms,ğŸ›—,áƒšáƒ˜áƒ¤áƒ¢áƒ˜,,elevator,Ğ»Ğ¸Ñ„Ñ‚
3,1,Home,Rooms,ğŸ‘£,áƒ˜áƒáƒ¢áƒáƒ™áƒ˜,,floor,Ğ¿Ğ¾Ğ»
3,1,Home,Rooms,ğŸ¡,áƒ”áƒ–áƒ,,garden,ÑĞ°Ğ´
3,1,Home,Rooms,ğŸšª,áƒ“áƒ”áƒ áƒ”áƒ¤áƒáƒœáƒ˜,,hallway,ĞºĞ¾Ñ€Ğ¸Ğ´Ğ¾Ñ€
3,1,Home,Rooms,ğŸ³,áƒ¡áƒáƒ›áƒ–áƒáƒ áƒ”áƒ£áƒšáƒ,,kitchen,ĞºÑƒÑ…Ğ½Ñ
3,1,Home,Rooms,ğŸ›‹ï¸,áƒ¡áƒáƒ¡áƒ¢áƒ£áƒ›áƒ áƒ áƒáƒ—áƒáƒ®áƒ˜,,living room,Ğ³Ğ¾ÑÑ‚Ğ¸Ğ½Ğ°Ñ
3,1,Home,Rooms,ğŸ–¨ï¸,áƒ™áƒáƒ‘áƒ˜áƒœáƒ”áƒ¢áƒ˜,,office / study,ĞºĞ°Ğ±Ğ¸Ğ½ĞµÑ‚
3,1,Home,Rooms,ğŸš»,áƒ¢áƒ£áƒáƒšáƒ”áƒ¢áƒ˜,,toilet / restroom,Ñ‚ÑƒĞ°Ğ»ĞµÑ‚
3,1,Home,Rooms,ğŸ§±,áƒ™áƒ”áƒ“áƒ”áƒšáƒ˜,,wall,ÑÑ‚ĞµĞ½Ğ°
3,2,Home,Furniture,ğŸ›ï¸,áƒ¡áƒáƒ¬áƒáƒšáƒ˜,,bed,ĞºÑ€Ğ¾Ğ²Ğ°Ñ‚ÑŒ
3,2,Home,Furniture,ğŸ“š,áƒ¬áƒ˜áƒ’áƒœáƒ”áƒ‘áƒ˜áƒ¡ áƒ—áƒáƒ áƒ,,bookshelf,ĞºĞ½Ğ¸Ğ¶Ğ½Ğ°Ñ Ğ¿Ğ¾Ğ»ĞºĞ°
3,2,Home,Furniture,ğŸª‘,áƒ¡áƒ™áƒáƒ›áƒ˜,,chair,ÑÑ‚ÑƒĞ»
3,2,Home,Furniture,ğŸ‘•,áƒ™áƒáƒ áƒáƒ“áƒ,,closet,ÑˆĞºĞ°Ñ„
3,2,Home,Furniture,ğŸª‘ğŸ›‹ï¸,áƒáƒ•áƒ”áƒ¯áƒ˜,,furniture,Ğ¼ĞµĞ±ĞµĞ»ÑŒ
3,2,Home,Furniture,ğŸ’¡,áƒ¡áƒáƒœáƒáƒ—áƒ˜,,lamp,Ğ»Ğ°Ğ¼Ğ¿Ğ°
3,2,Home,Furniture,ğŸª,áƒ¡áƒáƒ áƒ™áƒ”,,mirror,Ğ·ĞµÑ€ĞºĞ°Ğ»Ğ¾
3,2,Home,Furniture,ğŸŸ«,áƒ®áƒáƒšáƒ˜áƒ©áƒ,,rug,ĞºĞ¾Ğ²Ñ€Ğ¸Ğº
3,2,Home,Furniture,ğŸ›‹ï¸,áƒ“áƒ˜áƒ•áƒáƒœáƒ˜,,sofa,Ğ´Ğ¸Ğ²Ğ°Ğ½
3,2,Home,Furniture,ğŸ½ï¸,áƒ›áƒáƒ’áƒ˜áƒ“áƒ,,table,ÑÑ‚Ğ¾Ğ»
3,3,Home,Appliances,â„ï¸,áƒ™áƒáƒœáƒ“áƒ˜áƒªáƒ˜áƒáƒœáƒ”áƒ áƒ˜,,air conditioner,ĞºĞ¾Ğ½Ğ´Ğ¸Ñ†Ğ¸Ğ¾Ğ½ĞµÑ€
3,3,Home,Appliances,ğŸ›€,áƒáƒ‘áƒáƒ–áƒáƒœáƒ,,bathtub,Ğ²Ğ°Ğ½Ğ½Ğ°
3,3,Home,Appliances,ğŸ½ï¸ğŸ«§,áƒ­áƒ£áƒ áƒ­áƒšáƒ˜áƒ¡ áƒ¡áƒáƒ áƒ”áƒªáƒ®áƒ˜ áƒ›áƒáƒœáƒ¥áƒáƒœáƒ,,dishwasher,Ğ¿Ğ¾ÑÑƒĞ´Ğ¾Ğ¼Ğ¾ĞµÑ‡Ğ½Ğ°Ñ Ğ¼Ğ°ÑˆĞ¸Ğ½Ğ°
3,3,Home,Appliances,ğŸšª,áƒ™áƒáƒ áƒ˜,,door,Ğ´Ğ²ĞµÑ€ÑŒ
3,3,Home,Appliances,ğŸ””,áƒ™áƒáƒ áƒ˜áƒ¡ áƒ–áƒáƒ áƒ˜,,doorbell,Ğ´Ğ²ĞµÑ€Ğ½Ğ¾Ğ¹ Ğ·Ğ²Ğ¾Ğ½Ğ¾Ğº
3,3,Home,Appliances,ğŸŒ€,áƒ•áƒ”áƒœáƒ¢áƒ˜áƒšáƒáƒ¢áƒáƒ áƒ˜,,fan,Ğ²ĞµĞ½Ñ‚Ğ¸Ğ»ÑÑ‚Ğ¾Ñ€
3,3,Home,Appliances,ğŸ”¥,áƒ’áƒáƒ›áƒáƒ—áƒ‘áƒáƒ‘áƒ”áƒšáƒ˜,,heater,Ğ¾Ğ±Ğ¾Ğ³Ñ€ĞµĞ²Ğ°Ñ‚ĞµĞ»ÑŒ
3,3,Home,Appliances,ğŸ”Œ,áƒ áƒáƒ–áƒ”áƒ¢áƒ˜,,outlet,Ñ€Ğ¾Ğ·ĞµÑ‚ĞºĞ°
3,3,Home,Appliances,ğŸ¥–ğŸ”¥,áƒ¦áƒ£áƒ›áƒ”áƒšáƒ˜,,oven,Ğ´ÑƒÑ…Ğ¾Ğ²ĞºĞ°
3,3,Home,Appliances,ğŸ§Š,áƒ›áƒáƒªáƒ˜áƒ•áƒáƒ áƒ˜,,refrigerator,Ñ…Ğ¾Ğ»Ğ¾Ğ´Ğ¸Ğ»ÑŒĞ½Ğ¸Ğº
3,3,Home,Appliances,ğŸš¿,áƒ¨áƒ®áƒáƒáƒ˜,,shower,Ğ´ÑƒÑˆ
3,3,Home,Appliances,ğŸš°,áƒœáƒ˜áƒŸáƒáƒ áƒ,,sink,Ñ€Ğ°ĞºĞ¾Ğ²Ğ¸Ğ½Ğ°
3,3,Home,Appliances,ğŸ”Š,áƒ“áƒ˜áƒœáƒáƒ›áƒ˜áƒ™áƒ˜,,speaker,Ğ´Ğ¸Ğ½Ğ°Ğ¼Ğ¸Ğº
3,3,Home,Appliances,ğŸªœ,áƒ™áƒ˜áƒ‘áƒ”,,stairs,Ğ»ĞµÑÑ‚Ğ½Ğ¸Ñ†Ğ°
3,3,Home,Appliances,ğŸ³â™¨ï¸,áƒ¥áƒ£áƒ áƒ,,stove,Ğ¿Ğ»Ğ¸Ñ‚Ğ°
3,3,Home,Appliances,ğŸ“º,áƒ¢áƒ”áƒšáƒ”áƒ•áƒ˜áƒ–áƒáƒ áƒ˜,,television,Ñ‚ĞµĞ»ĞµĞ²Ğ¸Ğ·Ğ¾Ñ€
3,3,Home,Appliances,ğŸš½,áƒ¢áƒ£áƒáƒšáƒ”áƒ¢áƒ˜,,toilet,Ñ‚ÑƒĞ°Ğ»ĞµÑ‚
3,3,Home,Appliances,ğŸ§¼ğŸ‘•,áƒ¡áƒáƒ áƒ”áƒªáƒ®áƒ˜ áƒ›áƒáƒœáƒ¥áƒáƒœáƒ,,washing machine,ÑÑ‚Ğ¸Ñ€Ğ°Ğ»ÑŒĞ½Ğ°Ñ Ğ¼Ğ°ÑˆĞ¸Ğ½Ğ°
3,3,Home,Appliances,ğŸ“¶,áƒ•áƒáƒ˜áƒ¤áƒáƒ˜,,wifi,wi-fi
3,3,Home,Appliances,ğŸªŸ,áƒ¤áƒáƒœáƒ¯áƒáƒ áƒ,,window,Ğ¾ĞºĞ½Ğ¾
3,4,Home,Clothes,ğŸ’,áƒ–áƒ£áƒ áƒ’áƒ©áƒáƒœáƒ—áƒ,,backpack,Ñ€ÑĞºĞ·Ğ°Ğº
3,4,Home,Clothes,ğŸ‘œ,áƒ©áƒáƒœáƒ—áƒ,,bag,ÑÑƒĞ¼ĞºĞ°
3,4,Home,Clothes,ğŸ¥¾,áƒ©áƒ”áƒ¥áƒ›áƒ”áƒ‘áƒ˜,,boots,Ğ±Ğ¾Ñ‚Ğ¸Ğ½ĞºĞ¸
3,4,Home,Clothes,ğŸ¥¼,áƒáƒ”áƒ áƒáƒœáƒ’áƒ˜,,buttoned shirt,Ñ€ÑƒĞ±Ğ°ÑˆĞºĞ°
3,4,Home,Clothes,ğŸ§¢,áƒ¥áƒ£áƒ“áƒ˜,,cap,ĞºĞµĞ¿ĞºĞ°
3,4,Home,Clothes,ğŸ§¥,áƒáƒáƒšáƒ¢áƒ,,coat,Ğ¿Ğ°Ğ»ÑŒÑ‚Ğ¾
3,4,Home,Clothes,ğŸ‘—,áƒ™áƒáƒ‘áƒ,,dress,Ğ¿Ğ»Ğ°Ñ‚ÑŒĞµ
3,4,Home,Clothes,ğŸ‘“,áƒ¡áƒáƒ—áƒ•áƒáƒšáƒ”,,glasses,Ğ¾Ñ‡ĞºĞ¸
3,4,Home,Clothes,ğŸ§¤,áƒ®áƒ”áƒšáƒ—áƒáƒ—áƒ›áƒáƒœáƒ”áƒ‘áƒ˜,,gloves,Ğ¿ĞµÑ€Ñ‡Ğ°Ñ‚ĞºĞ¸
3,4,Home,Clothes,ğŸ‘–,áƒ¨áƒáƒ áƒ•áƒáƒšáƒ˜,,pants,Ğ±Ñ€ÑĞºĞ¸
3,4,Home,Clothes,ğŸ’,áƒ‘áƒ”áƒ­áƒ”áƒ“áƒ˜,,ring,ĞºĞ¾Ğ»ÑŒÑ†Ğ¾
3,4,Home,Clothes,ğŸ§£,áƒ¨áƒáƒ áƒ¤áƒ˜,,scarf,ÑˆĞ°Ñ€Ñ„
3,4,Home,Clothes,ğŸ‘•,áƒ›áƒáƒ˜áƒ¡áƒ£áƒ áƒ˜,,shirt,Ñ„ÑƒÑ‚Ğ±Ğ¾Ğ»ĞºĞ°
3,4,Home,Clothes,ğŸ‘Ÿ,áƒ¤áƒ”áƒ®áƒ¡áƒáƒªáƒ›áƒ”áƒšáƒ˜,,shoes,Ğ¾Ğ±ÑƒĞ²ÑŒ
3,4,Home,Clothes,ğŸ§¦,áƒ¬áƒ˜áƒœáƒ“áƒ”áƒ‘áƒ˜,,socks,Ğ½Ğ¾ÑĞºĞ¸
3,4,Home,Clothes,ğŸ‘”,áƒ™áƒáƒ¡áƒ¢áƒ£áƒ›áƒ˜,,suit,ĞºĞ¾ÑÑ‚ÑĞ¼
3,4,Home,Clothes,ğŸ•¶ï¸,áƒ›áƒ–áƒ˜áƒ¡ áƒ¡áƒáƒ—áƒ•áƒáƒšáƒ”,,sunglasses,ÑĞ¾Ğ»Ğ½Ñ†ĞµĞ·Ğ°Ñ‰Ğ¸Ñ‚Ğ½Ñ‹Ğµ Ğ¾Ñ‡ĞºĞ¸
3,4,Home,Clothes,ğŸ§¶,áƒ¡áƒ•áƒ˜áƒ¢áƒ”áƒ áƒ˜,,sweater,ÑĞ²Ğ¸Ñ‚ĞµÑ€
3,4,Home,Clothes,â˜‚ï¸,áƒ¥áƒáƒšáƒ’áƒ,,umbrella,Ğ·Ğ¾Ğ½Ñ‚Ğ¸Ğº
3,4,Home,Clothes,ğŸ©²,áƒ¡áƒáƒªáƒ•áƒšáƒ”áƒ‘áƒ˜,,underwear,Ğ½Ğ¸Ğ¶Ğ½ĞµĞµ Ğ±ĞµĞ»ÑŒĞµ
3,4,Home,Clothes,ğŸ‘›,áƒ¡áƒáƒ¤áƒ£áƒšáƒ”,,wallet,ĞºĞ¾ÑˆĞµĞ»ĞµĞº
3,5,Home,Items,âš½,áƒ‘áƒ£áƒ áƒ—áƒ˜,,ball,Ğ¼ÑÑ‡
3,5,Home,Items,ğŸ©¹,áƒ¡áƒáƒœáƒ¢áƒáƒ•áƒ˜áƒ™áƒ˜,,bandage,Ğ¿Ğ»Ğ°ÑÑ‚Ñ‹Ñ€ÑŒ
3,5,Home,Items,ğŸ”‹,áƒ‘áƒáƒ¢áƒáƒ áƒ”áƒ,,battery,Ğ±Ğ°Ñ‚Ğ°Ñ€ĞµÑ
3,5,Home,Items,ğŸ¥£,áƒ¯áƒáƒ›áƒ˜,,bowl,Ğ¼Ğ¸ÑĞºĞ°
3,5,Home,Items,ğŸ§¹,áƒªáƒáƒªáƒ®áƒ˜,,broom,Ğ¼ĞµÑ‚Ğ»Ğ°
3,5,Home,Items,ğŸ“…,áƒ™áƒáƒšáƒ”áƒœáƒ“áƒáƒ áƒ˜,,calendar,ĞºĞ°Ğ»ĞµĞ½Ğ´Ğ°Ñ€ÑŒ
3,5,Home,Items,ğŸ“·,áƒ™áƒáƒ›áƒ”áƒ áƒ,,camera,ĞºĞ°Ğ¼ĞµÑ€Ğ°
3,5,Home,Items,ğŸ’µ,áƒœáƒáƒ¦áƒ“áƒ˜ áƒ¤áƒ£áƒšáƒ˜,,cash,Ğ½Ğ°Ğ»Ğ¸Ñ‡Ğ½Ñ‹Ğµ
3,5,Home,Items,â°,áƒ¡áƒáƒáƒ—áƒ˜,,clock,Ñ‡Ğ°ÑÑ‹
3,5,Home,Items,ğŸª™,áƒ›áƒáƒœáƒ”áƒ¢áƒ”áƒ‘áƒ˜,,coins,Ğ¼Ğ¾Ğ½ĞµÑ‚Ñ‹
3,5,Home,Items,ğŸª®,áƒ¡áƒáƒ•áƒáƒ áƒªáƒ®áƒ”áƒšáƒ˜,,comb,Ñ€Ğ°ÑÑ‡ĞµÑĞºĞ°
3,5,Home,Items,ğŸ’³,áƒ¡áƒáƒ™áƒ áƒ”áƒ“áƒ˜áƒ¢áƒ áƒ‘áƒáƒ áƒáƒ—áƒ˜,,credit card,ĞºÑ€ĞµĞ´Ğ¸Ñ‚Ğ½Ğ°Ñ ĞºĞ°Ñ€Ñ‚Ğ°
3,5,Home,Items,ğŸ¥¤,áƒ­áƒ˜áƒ¥áƒ,,cup,Ñ‡Ğ°ÑˆĞºĞ°
3,5,Home,Items,ğŸ¥£ğŸ½ï¸,áƒ­áƒ£áƒ áƒ­áƒ”áƒšáƒ˜,,dishes,Ğ¿Ğ¾ÑÑƒĞ´Ğ°
3,5,Home,Items,ğŸ”¦,áƒ¤áƒáƒœáƒáƒ áƒ˜,,flashlight,Ñ„Ğ¾Ğ½Ğ°Ñ€Ğ¸Ğº
3,5,Home,Items,ğŸ´,áƒ©áƒáƒœáƒ’áƒáƒšáƒ˜,,fork,Ğ²Ğ¸Ğ»ĞºĞ°
3,5,Home,Items,ğŸ®,áƒ—áƒáƒ›áƒáƒ¨áƒ”áƒ‘áƒ˜,,games,Ğ¸Ğ³Ñ€Ñ‹
3,5,Home,Items,ğŸ¸,áƒ’áƒ˜áƒ¢áƒáƒ áƒ,,guitar,Ğ³Ğ¸Ñ‚Ğ°Ñ€Ğ°
3,5,Home,Items,ğŸ”‘,áƒ’áƒáƒ¡áƒáƒ¦áƒ”áƒ‘áƒ˜,,key,ĞºĞ»ÑÑ‡
3,5,Home,Items,ğŸ”ª,áƒ“áƒáƒœáƒ,,knife,Ğ½Ğ¾Ğ¶
3,5,Home,Items,ğŸ§º,áƒ¡áƒáƒ áƒ”áƒªáƒ®áƒ˜ áƒ™áƒáƒšáƒáƒ—áƒ,,laundry basket,ĞºĞ¾Ñ€Ğ·Ğ¸Ğ½Ğ° Ğ´Ğ»Ñ Ğ±ĞµĞ»ÑŒÑ
3,5,Home,Items,ğŸ’Š,áƒ¬áƒáƒ›áƒáƒšáƒ˜,,medicine,Ğ»ĞµĞºĞ°Ñ€ÑÑ‚Ğ²Ğ¾
3,5,Home,Items,ğŸ’°,áƒ¤áƒ£áƒšáƒ˜,,money,Ğ´ĞµĞ½ÑŒĞ³Ğ¸
3,5,Home,Items,â˜•,áƒ©áƒáƒ˜áƒ¡/áƒ§áƒáƒ•áƒáƒ¡ áƒ­áƒ˜áƒ¥áƒ,,mug,ĞºÑ€ÑƒĞ¶ĞºĞ°
3,5,Home,Items,ğŸ¨,áƒ¡áƒáƒ¦áƒ”áƒ‘áƒáƒ•áƒ”áƒ‘áƒ˜,,paints,ĞºÑ€Ğ°ÑĞºĞ¸
3,5,Home,Items,ğŸ³,áƒ¢áƒáƒ¤áƒ,,pan,ÑĞºĞ¾Ğ²Ğ¾Ñ€Ğ¾Ğ´Ğ°
3,5,Home,Items,ğŸ“,áƒ¡áƒáƒ›áƒáƒ’áƒ áƒ˜áƒ¡ áƒ¡áƒáƒ›áƒáƒ’áƒ áƒ˜,,paperclip,ÑĞºÑ€ĞµĞ¿ĞºĞ° Ğ´Ğ»Ñ Ğ±ÑƒĞ¼Ğ°Ğ³
3,5,Home,Items,ğŸ“,áƒ¢áƒ”áƒšáƒ”áƒ¤áƒáƒœáƒ˜,,phone,Ñ‚ĞµĞ»ĞµÑ„Ğ¾Ğ½
3,5,Home,Items,ğŸ¹,áƒ¤áƒáƒ áƒ¢áƒ”áƒáƒ˜áƒáƒœáƒ,,piano,Ñ„Ğ¾Ñ€Ñ‚ĞµĞ¿Ğ¸Ğ°Ğ½Ğ¾
3,5,Home,Items,ğŸ–¼ï¸,áƒ¡áƒ£áƒ áƒáƒ—áƒ˜,,picture,ĞºĞ°Ñ€Ñ‚Ğ¸Ğ½Ğ°
3,5,Home,Items,ğŸ½ï¸,áƒ—áƒ”áƒ¤áƒ¨áƒ˜,,plate,Ñ‚Ğ°Ñ€ĞµĞ»ĞºĞ°
3,5,Home,Items,ğŸ“»,áƒ áƒáƒ“áƒ˜áƒ,,radio,Ñ€Ğ°Ğ´Ğ¸Ğ¾
3,5,Home,Items,ğŸª’,áƒ¡áƒáƒáƒáƒ áƒ¡áƒ˜,,razor,Ğ±Ñ€Ğ¸Ñ‚Ğ²Ğ°
3,5,Home,Items,ğŸ§¼,áƒ¡áƒáƒáƒáƒœáƒ˜,,soap,Ğ¼Ñ‹Ğ»Ğ¾
3,5,Home,Items,ğŸ§½,áƒ¦áƒ áƒ£áƒ‘áƒ”áƒšáƒ˜,,sponge,Ğ³ÑƒĞ±ĞºĞ°
3,5,Home,Items,ğŸ¥„,áƒ™áƒáƒ•áƒ–áƒ˜,,spoon,Ğ»Ğ¾Ğ¶ĞºĞ°
3,5,Home,Items,ğŸ§³,áƒ©áƒ”áƒ›áƒáƒ“áƒáƒœáƒ˜,,suitcase,Ñ‡ĞµĞ¼Ğ¾Ğ´Ğ°Ğ½
3,5,Home,Items,ğŸ¤§,áƒ®áƒ”áƒšáƒ¡áƒáƒ®áƒáƒªáƒ˜,,tissue / napkin,ÑĞ°Ğ»Ñ„ĞµÑ‚ĞºĞ°
3,5,Home,Items,ğŸ§»,áƒ¢áƒ£áƒáƒšáƒ”áƒ¢áƒ˜áƒ¡ áƒ¥áƒáƒ¦áƒáƒšáƒ“áƒ˜,,toilet paper,Ñ‚ÑƒĞ°Ğ»ĞµÑ‚Ğ½Ğ°Ñ Ğ±ÑƒĞ¼Ğ°Ğ³Ğ°
3,5,Home,Items,ğŸª¥,áƒ™áƒ‘áƒ˜áƒšáƒ˜áƒ¡ áƒ¯áƒáƒ’áƒ áƒ˜áƒ¡áƒ˜,,toothbrush,Ğ·ÑƒĞ±Ğ½Ğ°Ñ Ñ‰ĞµÑ‚ĞºĞ°
3,5,Home,Items,ğŸ—‘ï¸,áƒœáƒáƒ’áƒ•áƒ˜áƒ¡ áƒ£áƒ áƒœáƒ,,trash bin,Ğ¼ÑƒÑĞ¾Ñ€Ğ½Ğ¾Ğµ Ğ²ĞµĞ´Ñ€Ğ¾
3,6,Home,Office,ğŸ“–,áƒ¬áƒ˜áƒ’áƒœáƒ˜,,book,ĞºĞ½Ğ¸Ğ³Ğ°
3,6,Home,Office,ğŸ–©,áƒ™áƒáƒšáƒ™áƒ£áƒšáƒáƒ¢áƒáƒ áƒ˜,,calculator,ĞºĞ°Ğ»ÑŒĞºÑƒĞ»ÑÑ‚Ğ¾Ñ€
3,6,Home,Office,ğŸ–¥ï¸,áƒ™áƒáƒ›áƒáƒ˜áƒ£áƒ¢áƒ”áƒ áƒ˜,,computer,ĞºĞ¾Ğ¼Ğ¿ÑŒÑÑ‚ĞµÑ€
3,6,Home,Office,âœ‰ï¸,áƒ™áƒáƒœáƒ•áƒ”áƒ áƒ¢áƒ˜,,envelope,ĞºĞ¾Ğ½Ğ²ĞµÑ€Ñ‚
3,6,Home,Office,ğŸ§´+ğŸ“„,áƒ¬áƒ”áƒ‘áƒ,,glue,ĞºĞ»ĞµĞ¹
3,6,Home,Office,ğŸ§,áƒ§áƒ£áƒ áƒ¡áƒáƒ¡áƒ›áƒ”áƒœáƒ”áƒ‘áƒ˜,,headphones,Ğ½Ğ°ÑƒÑˆĞ½Ğ¸ĞºĞ¸
3,6,Home,Office,âŒ¨ï¸,áƒ™áƒšáƒáƒ•áƒ˜áƒáƒ¢áƒ£áƒ áƒ,,keyboard,ĞºĞ»Ğ°Ğ²Ğ¸Ğ°Ñ‚ÑƒÑ€Ğ°
3,6,Home,Office,ğŸ’»,áƒšáƒ”áƒáƒ¢áƒáƒáƒ˜,,laptop,Ğ½Ğ¾ÑƒÑ‚Ğ±ÑƒĞº
3,6,Home,Office,ğŸ“œ,áƒ¬áƒ”áƒ áƒ˜áƒšáƒ˜,,letter,Ğ¿Ğ¸ÑÑŒĞ¼Ğ¾
3,6,Home,Office,ğŸ–ï¸,áƒ›áƒáƒ áƒ™áƒ”áƒ áƒ˜,,marker,Ğ¼Ğ°Ñ€ĞºĞµÑ€
3,6,Home,Office,ğŸ“°,áƒ’áƒáƒ–áƒ”áƒ—áƒ˜,,newspaper,Ğ³Ğ°Ğ·ĞµÑ‚Ğ°
3,6,Home,Office,ğŸ““,áƒ‘áƒšáƒáƒ™áƒœáƒáƒ¢áƒ˜,,notebook,Ğ±Ğ»Ğ¾ĞºĞ½Ğ¾Ñ‚
3,6,Home,Office,ğŸ“„,áƒ¥áƒáƒ¦áƒáƒšáƒ“áƒ˜,,paper,Ğ±ÑƒĞ¼Ğ°Ğ³Ğ°
3,6,Home,Office,ğŸ–‹ï¸,áƒ™áƒáƒšáƒáƒ›áƒ˜,,pen,Ñ€ÑƒÑ‡ĞºĞ°
3,6,Home,Office,âœï¸,áƒ¤áƒáƒœáƒ¥áƒáƒ áƒ˜,,pencil,ĞºĞ°Ñ€Ğ°Ğ½Ğ´Ğ°Ñˆ
3,6,Home,Office,ğŸ–¨ï¸,áƒáƒ áƒ˜áƒœáƒ¢áƒ”áƒ áƒ˜,,printer,Ğ¿Ñ€Ğ¸Ğ½Ñ‚ĞµÑ€
3,6,Home,Office,ğŸ§¾,áƒ¥áƒ•áƒ˜áƒ—áƒáƒ áƒ˜,,receipt,ĞºĞ²Ğ¸Ñ‚Ğ°Ğ½Ñ†Ğ¸Ñ
3,6,Home,Office,ğŸ“,áƒ¡áƒáƒ®áƒáƒ–áƒáƒ•áƒ˜,,ruler,Ğ»Ğ¸Ğ½ĞµĞ¹ĞºĞ°
3,6,Home,Office,âœ‚ï¸,áƒ›áƒáƒ™áƒ áƒáƒ¢áƒ”áƒšáƒ˜,,scissors,Ğ½Ğ¾Ğ¶Ğ½Ğ¸Ñ†Ñ‹
4,1,Food,Fruits,ğŸ,áƒ•áƒáƒ¨áƒšáƒ˜,,apple,ÑĞ±Ğ»Ğ¾ĞºĞ¾
4,1,Food,Fruits,ğŸŒ,áƒ‘áƒáƒœáƒáƒœáƒ˜,,banana,Ğ±Ğ°Ğ½Ğ°Ğ½
4,1,Food,Fruits,ğŸ«,áƒ›áƒáƒªáƒ•áƒ˜,,blueberry,Ğ³Ğ¾Ğ»ÑƒĞ±Ğ¸ĞºĞ°
4,1,Food,Fruits,ğŸŒ°,áƒ¬áƒáƒ‘áƒšáƒ˜,,chestnut,ĞºĞ°ÑˆÑ‚Ğ°Ğ½
4,1,Food,Fruits,ğŸğŸŒ,áƒ®áƒ˜áƒšáƒ˜,,fruits,Ñ„Ñ€ÑƒĞºÑ‚Ñ‹
4,1,Food,Fruits,ğŸ‡,áƒ§áƒ£áƒ áƒ«áƒ”áƒœáƒ˜,,grapes,Ğ²Ğ¸Ğ½Ğ¾Ğ³Ñ€Ğ°Ğ´
4,1,Food,Fruits,ğŸ‹,áƒšáƒ˜áƒ›áƒáƒœáƒ˜,,lemon,Ğ»Ğ¸Ğ¼Ğ¾Ğ½
4,1,Food,Fruits,ğŸŠ,áƒ¤áƒáƒ áƒ—áƒáƒ®áƒáƒšáƒ˜,,orange,Ğ°Ğ¿ĞµĞ»ÑŒÑĞ¸Ğ½
4,1,Food,Fruits,ğŸ‘,áƒáƒ¢áƒáƒ›áƒ˜,,peach,Ğ¿ĞµÑ€ÑĞ¸Ğº
4,1,Food,Fruits,ğŸ,áƒ›áƒ¡áƒ®áƒáƒšáƒ˜,,pear,Ğ³Ñ€ÑƒÑˆĞ°
4,1,Food,Fruits,ğŸ,áƒáƒœáƒáƒœáƒáƒ¡áƒ˜,,pineapple,Ğ°Ğ½Ğ°Ğ½Ğ°Ñ
4,1,Food,Fruits,ğŸ’ğŸ‹,áƒáƒšáƒ£áƒ‘áƒáƒšáƒ˜,,sour cherry,Ğ²Ğ¸ÑˆĞ½Ñ
4,1,Food,Fruits,ğŸ“,áƒ›áƒáƒ áƒ¬áƒ§áƒ•áƒ˜,,strawberry,ĞºĞ»ÑƒĞ±Ğ½Ğ¸ĞºĞ°
4,1,Food,Fruits,ğŸ’ğŸ­,áƒ‘áƒáƒšáƒ˜,,sweet cherry,Ñ‡ĞµÑ€ĞµÑˆĞ½Ñ
4,1,Food,Fruits,ğŸ‰,áƒ¡áƒáƒ–áƒáƒ›áƒ—áƒ áƒ,,watermelon,Ğ°Ñ€Ğ±ÑƒĞ·
4,2,Food,Vegetables,ğŸ¥‘,áƒáƒ•áƒáƒ™áƒáƒ“áƒ,,avocado,Ğ°Ğ²Ğ¾ĞºĞ°Ğ´Ğ¾
4,2,Food,Vegetables,ğŸ«˜,áƒšáƒáƒ‘áƒ˜áƒ,,beans,Ñ„Ğ°ÑĞ¾Ğ»ÑŒ
4,2,Food,Vegetables,ğŸ«œ,áƒ­áƒáƒ áƒ®áƒáƒšáƒ˜,,beet,ÑĞ²ĞµĞºĞ»Ğ°
4,2,Food,Vegetables,ğŸ¥¦,áƒ‘áƒ áƒáƒ™áƒáƒšáƒ˜,,broccoli,Ğ±Ñ€Ğ¾ĞºĞºĞ¾Ğ»Ğ¸
4,2,Food,Vegetables,ğŸ¥¬,áƒ™áƒáƒ›áƒ‘áƒáƒ¡áƒ¢áƒ,,cabbage,ĞºĞ°Ğ¿ÑƒÑÑ‚Ğ°
4,2,Food,Vegetables,ğŸ¥•,áƒ¡áƒ¢áƒáƒ¤áƒ˜áƒšáƒ,,carrot,Ğ¼Ğ¾Ñ€ĞºĞ¾Ğ²ÑŒ
4,2,Food,Vegetables,ğŸŒ½,áƒ¡áƒ˜áƒ›áƒ˜áƒœáƒ“áƒ˜,,corn,ĞºÑƒĞºÑƒÑ€ÑƒĞ·Ğ°
4,2,Food,Vegetables,ğŸ¥’,áƒ™áƒ˜áƒ¢áƒ áƒ˜,,cucumber,Ğ¾Ğ³ÑƒÑ€ĞµÑ†
4,2,Food,Vegetables,ğŸ†,áƒ‘áƒáƒ“áƒ áƒ˜áƒ¯áƒáƒœáƒ˜,,eggplant,Ğ±Ğ°ĞºĞ»Ğ°Ğ¶Ğ°Ğ½
4,2,Food,Vegetables,ğŸ§„,áƒœáƒ˜áƒáƒ áƒ˜,,garlic,Ñ‡ĞµÑĞ½Ğ¾Ğº
4,2,Food,Vegetables,ğŸŒ¿,áƒ›áƒ¬áƒ•áƒáƒœáƒ˜áƒšáƒ˜,,greens / herbs,Ğ·ĞµĞ»ĞµĞ½ÑŒ
4,2,Food,Vegetables,ğŸ„,áƒ¡áƒáƒ™áƒ,,mushroom,Ğ³Ñ€Ğ¸Ğ±
4,2,Food,Vegetables,ğŸ§…,áƒ®áƒáƒ®áƒ•áƒ˜,,onion,Ğ»ÑƒĞº
4,2,Food,Vegetables,ğŸŒ¶ï¸,áƒ¬áƒ˜áƒ¬áƒáƒ™áƒ,,pepper,Ğ¿ĞµÑ€ĞµÑ†
4,2,Food,Vegetables,ğŸ¥”,áƒ™áƒáƒ áƒ¢áƒáƒ¤áƒ˜áƒšáƒ˜,,potato,ĞºĞ°Ñ€Ñ‚Ğ¾Ñ„ĞµĞ»ÑŒ
4,2,Food,Vegetables,ğŸ…,áƒáƒáƒ›áƒ˜áƒ“áƒáƒ áƒ˜,,tomato,Ğ¿Ğ¾Ğ¼Ğ¸Ğ´Ğ¾Ñ€
4,2,Food,Vegetables,ğŸ¥•ğŸ¥’,áƒ‘áƒáƒ¡áƒ¢áƒœáƒ”áƒ£áƒšáƒ˜,,vegetables,Ğ¾Ğ²Ğ¾Ñ‰Ğ¸
4,3,Food,Meat & Dairy,ğŸ„,áƒ¡áƒáƒ¥áƒáƒœáƒšáƒ˜áƒ¡ áƒ®áƒáƒ áƒªáƒ˜,,beef,Ğ³Ğ¾Ğ²ÑĞ´Ğ¸Ğ½Ğ°
4,3,Food,Meat & Dairy,ğŸ§ˆ,áƒ™áƒáƒ áƒáƒ¥áƒ˜,,butter,ÑĞ»Ğ¸Ğ²Ğ¾Ñ‡Ğ½Ğ¾Ğµ Ğ¼Ğ°ÑĞ»Ğ¾
4,3,Food,Meat & Dairy,ğŸ§€,áƒ§áƒ•áƒ”áƒšáƒ˜,,cheese,ÑÑ‹Ñ€
4,3,Food,Meat & Dairy,ğŸ”,áƒ¥áƒáƒ—áƒáƒ›áƒ˜,,chicken,ĞºÑƒÑ€Ğ¸Ñ†Ğ°
4,3,Food,Meat & Dairy,ğŸš,áƒ®áƒáƒ­áƒ,,cottage cheese,Ñ‚Ğ²Ğ¾Ñ€Ğ¾Ğ³
4,3,Food,Meat & Dairy,ğŸ¶,áƒœáƒáƒ¦áƒ”áƒ‘áƒ˜,,cream,ÑĞ»Ğ¸Ğ²ĞºĞ¸
4,3,Food,Meat & Dairy,ğŸ¥š,áƒ™áƒ•áƒ”áƒ áƒªáƒ®áƒ˜,,egg,ÑĞ¹Ñ†Ğ¾
4,3,Food,Meat & Dairy,ğŸŸ,áƒ—áƒ”áƒ•áƒ–áƒ˜,,fish,Ñ€Ñ‹Ğ±Ğ°
4,3,Food,Meat & Dairy,ğŸ‘,áƒ‘áƒáƒ¢áƒ™áƒœáƒ˜áƒ¡ áƒ®áƒáƒ áƒªáƒ˜,,lamb,Ğ±Ğ°Ñ€Ğ°Ğ½Ğ¸Ğ½Ğ°
4,3,Food,Meat & Dairy,ğŸ¥©ğŸ—,áƒ®áƒáƒ áƒªáƒ˜,,meats,Ğ¼ÑÑĞ¾
4,3,Food,Meat & Dairy,ğŸ¥›,áƒ áƒ«áƒ”,,milk,Ğ¼Ğ¾Ğ»Ğ¾ĞºĞ¾
4,3,Food,Meat & Dairy,ğŸ–,áƒ¦áƒáƒ áƒ˜áƒ¡ áƒ®áƒáƒ áƒªáƒ˜,,pork,ÑĞ²Ğ¸Ğ½Ğ¸Ğ½Ğ°
4,3,Food,Meat & Dairy,ğŸŒ­,áƒ«áƒ”áƒ®áƒ•áƒ˜,,sausage,ĞºĞ¾Ğ»Ğ±Ğ°ÑĞ°
4,3,Food,Meat & Dairy,ğŸ¦ƒ,áƒ˜áƒœáƒ“áƒáƒ£áƒ áƒ˜,,turkey,Ğ¸Ğ½Ğ´ĞµĞ¹ĞºĞ°
4,3,Food,Meat & Dairy,ğŸ¥£,áƒ›áƒáƒ¬áƒáƒœáƒ˜,,yogurt,Ğ¹Ğ¾Ğ³ÑƒÑ€Ñ‚
4,4,Food,Pantry,ğŸ,áƒáƒ£áƒ áƒ˜,,bread,Ñ…Ğ»ĞµĞ±
4,4,Food,Pantry,ğŸ¥«,áƒ“áƒáƒ™áƒáƒœáƒ¡áƒ”áƒ áƒ•áƒ”áƒ‘áƒ£áƒšáƒ˜ áƒ¡áƒáƒ™áƒ•áƒ”áƒ‘áƒ˜,,canned food,ĞºĞ¾Ğ½ÑĞµÑ€Ğ²Ñ‹
4,4,Food,Pantry,ğŸŒ¾,áƒ¤áƒ¥áƒ•áƒ˜áƒšáƒ˜,,flour,Ğ¼ÑƒĞºĞ°
4,4,Food,Pantry,ğŸ¯,áƒ—áƒáƒ¤áƒšáƒ˜,,honey,Ğ¼ĞµĞ´
4,4,Food,Pantry,ğŸŒ»,áƒ–áƒ”áƒ—áƒ˜,,oil,Ñ€Ğ°ÑÑ‚Ğ¸Ñ‚ĞµĞ»ÑŒĞ½Ğ¾Ğµ Ğ¼Ğ°ÑĞ»Ğ¾
4,4,Food,Pantry,ğŸ,áƒ›áƒáƒ™áƒáƒ áƒáƒœáƒ˜,,pasta,Ğ¼Ğ°ĞºĞ°Ñ€Ğ¾Ğ½Ñ‹
4,4,Food,Pantry,ğŸ¥,áƒªáƒáƒ›áƒ”áƒ£áƒšáƒ˜,,pastry,Ğ²Ñ‹Ğ¿ĞµÑ‡ĞºĞ°
4,4,Food,Pantry,ğŸ¥œ,áƒáƒ áƒáƒ¥áƒ˜áƒ¡áƒ˜,,peanut,Ğ°Ñ€Ğ°Ñ…Ğ¸Ñ
4,4,Food,Pantry,ğŸ¿,áƒáƒáƒáƒ™áƒáƒ áƒœáƒ˜,,popcorn,Ğ¿Ğ¾Ğ¿ĞºĞ¾Ñ€Ğ½
4,4,Food,Pantry,ğŸš,áƒ‘áƒ áƒ˜áƒœáƒ¯áƒ˜,,rice,Ñ€Ğ¸Ñ
4,4,Food,Pantry,ğŸ§‚,áƒ›áƒáƒ áƒ˜áƒšáƒ˜,,salt,ÑĞ¾Ğ»ÑŒ
4,4,Food,Pantry,ğŸ¬,áƒ¨áƒáƒ¥áƒáƒ áƒ˜,,sugar,ÑĞ°Ñ…Ğ°Ñ€
4,4,Food,Pantry,ğŸ­,áƒ¢áƒ™áƒ‘áƒ˜áƒšáƒ”áƒ£áƒšáƒ˜,,sweets / candy,ĞºĞ¾Ğ½Ñ„ĞµÑ‚Ñ‹
4,5,Food,Dishes,ğŸ˜‹,áƒ’áƒ”áƒ›áƒ áƒ˜áƒ”áƒšáƒáƒ“ áƒ›áƒ˜áƒ˜áƒ áƒ—áƒ•áƒ˜áƒ—,,bon appÃ©tit,Ğ¿Ñ€Ğ¸ÑÑ‚Ğ½Ğ¾Ğ³Ğ¾ Ğ°Ğ¿Ğ¿ĞµÑ‚Ğ¸Ñ‚Ğ°
4,5,Food,Dishes,ğŸ‚,áƒ¢áƒáƒ áƒ¢áƒ˜,,cake,Ñ‚Ğ¾Ñ€Ñ‚
4,5,Food,Dishes,ğŸ©,áƒ“áƒáƒœáƒáƒ¢áƒ˜,,donut,Ğ¿Ğ¾Ğ½Ñ‡Ğ¸Ğº
4,5,Food,Dishes,ğŸŸ,áƒ™áƒáƒ áƒ¢áƒáƒ¤áƒ˜áƒšáƒ˜ áƒ¤áƒ áƒ˜,,french fries,ĞºĞ°Ñ€Ñ‚Ğ¾Ñ„ĞµĞ»ÑŒ Ñ„Ñ€Ğ¸
4,5,Food,Dishes,ğŸ”,áƒ°áƒáƒ›áƒ‘áƒ£áƒ áƒ’áƒ”áƒ áƒ˜,,hamburger,Ğ³Ğ°Ğ¼Ğ±ÑƒÑ€Ğ³ĞµÑ€
4,5,Food,Dishes,ğŸ¦,áƒœáƒáƒ§áƒ˜áƒœáƒ˜,,ice cream,Ğ¼Ğ¾Ñ€Ğ¾Ğ¶ĞµĞ½Ğ¾Ğµ
4,5,Food,Dishes,ğŸ¥–ğŸ§€,áƒ®áƒáƒ­áƒáƒáƒ£áƒ áƒ˜,,khachapuri,Ñ…Ğ°Ñ‡Ğ°Ğ¿ÑƒÑ€Ğ¸
4,5,Food,Dishes,ğŸ¥Ÿ,áƒ®áƒ˜áƒœáƒ™áƒáƒšáƒ˜,,khinkali,Ñ…Ğ¸Ğ½ĞºĞ°Ğ»Ğ¸
4,5,Food,Dishes,ğŸ¥–ğŸ«˜,áƒšáƒáƒ‘áƒ˜áƒáƒœáƒ˜,,lobiani,Ğ»Ğ¾Ğ±Ğ¸Ğ°Ğ½Ğ¸
4,5,Food,Dishes,ğŸ¥,áƒ‘áƒšáƒ˜áƒœáƒ”áƒ‘áƒ˜,,pancakes,Ğ±Ğ»Ğ¸Ğ½Ñ‹
4,5,Food,Dishes,ğŸ¥§,áƒ¦áƒ•áƒ”áƒ–áƒ”áƒšáƒ˜,,pie,Ğ¿Ğ¸Ñ€Ğ¾Ğ³
4,5,Food,Dishes,ğŸ•,áƒáƒ˜áƒªáƒ,,pizza,Ğ¿Ğ¸Ñ†Ñ†Ğ°
4,5,Food,Dishes,ğŸ¥—,áƒ¡áƒáƒšáƒáƒ—áƒ˜,,salad,ÑĞ°Ğ»Ğ°Ñ‚
4,5,Food,Dishes,ğŸ§‚,áƒ›áƒáƒ áƒ˜áƒšáƒ˜áƒáƒœáƒ˜,,salty,ÑĞ¾Ğ»ĞµĞ½Ñ‹Ğ¹
4,5,Food,Dishes,ğŸ¥ª,áƒ¡áƒ”áƒœáƒ“áƒ•áƒ˜áƒ©áƒ˜,,sandwich,ÑÑĞ½Ğ´Ğ²Ğ¸Ñ‡
4,5,Food,Dishes,ğŸ²,áƒ¡áƒ£áƒáƒ˜ / áƒ¬áƒ•áƒœáƒ˜áƒáƒœáƒ˜,,soup,ÑÑƒĞ¿
4,5,Food,Dishes,ğŸ‹,áƒ›áƒŸáƒáƒ•áƒ”,,sour,ĞºĞ¸ÑĞ»Ñ‹Ğ¹
4,5,Food,Dishes,ğŸ,áƒ¡áƒáƒáƒ’áƒ”áƒ¢áƒ˜,,spaghetti,ÑĞ¿Ğ°Ğ³ĞµÑ‚Ñ‚Ğ¸
4,5,Food,Dishes,ğŸŒ¶ï¸,áƒªáƒ®áƒáƒ áƒ”,,spicy,Ğ¾ÑÑ‚Ñ€Ñ‹Ğ¹
4,5,Food,Dishes,ğŸ£,áƒ¡áƒ£áƒ¨áƒ˜,,sushi,ÑÑƒÑˆĞ¸
4,5,Food,Dishes,ğŸ­,áƒ¢áƒ™áƒ‘áƒ˜áƒšáƒ˜,,sweet,ÑĞ»Ğ°Ğ´ĞºĞ¸Ğ¹
4,5,Food,Dishes,ğŸŒ®,áƒ¢áƒáƒ™áƒ,,taco,Ñ‚Ğ°ĞºĞ¾
4,6,Food,Drinks,ğŸº,áƒšáƒ£áƒ“áƒ˜,,beer,Ğ¿Ğ¸Ğ²Ğ¾
4,6,Food,Drinks,â˜•,áƒ§áƒáƒ•áƒ,,coffee,ĞºĞ¾Ñ„Ğµ
4,6,Food,Drinks,ğŸ§ƒ,áƒ¬áƒ•áƒ”áƒœáƒ˜,,juice,ÑĞ¾Ğº
4,6,Food,Drinks,ğŸ‹,áƒœáƒáƒ¢áƒ£áƒ áƒáƒšáƒ£áƒ áƒ˜ áƒšáƒ˜áƒ›áƒáƒœáƒáƒ—áƒ˜,,lemonade,Ğ´Ğ¾Ğ¼Ğ°ÑˆĞ½Ğ¸Ğ¹ Ğ»Ğ¸Ğ¼Ğ¾Ğ½Ğ°Ğ´
4,6,Food,Drinks,ğŸ¥›,áƒ áƒ«áƒ”,,milk,Ğ¼Ğ¾Ğ»Ğ¾ĞºĞ¾
4,6,Food,Drinks,ğŸ«§ğŸ’§,áƒ›áƒ˜áƒœáƒ”áƒ áƒáƒšáƒ£áƒ áƒ˜ áƒ¬áƒ§áƒáƒšáƒ˜,,mineral water,Ğ¼Ğ¸Ğ½ĞµÑ€Ğ°Ğ»ĞºĞ°
4,6,Food,Drinks,ğŸ¥¤,áƒšáƒ˜áƒ›áƒáƒœáƒáƒ—áƒ˜,,soda,Ğ³Ğ°Ğ·Ğ¸Ñ€Ğ¾Ğ²ĞºĞ°
4,6,Food,Drinks,ğŸµ,áƒ©áƒáƒ˜,,tea,Ñ‡Ğ°Ğ¹
4,6,Food,Drinks,ğŸ¥ƒ,áƒáƒ áƒáƒ§áƒ˜ / áƒ­áƒáƒ­áƒ,,vodka / chacha,Ğ²Ğ¾Ğ´ĞºĞ° / Ñ‡Ğ°Ñ‡Ğ°
4,6,Food,Drinks,ğŸ’§,áƒ¬áƒ§áƒáƒšáƒ˜,,water,Ğ²Ğ¾Ğ´Ğ°
4,6,Food,Drinks,ğŸ·,áƒ¦áƒ•áƒ˜áƒœáƒ,,wine,Ğ²Ğ¸Ğ½Ğ¾
5,1,World,City,âœˆï¸,áƒáƒ”áƒ áƒáƒáƒáƒ áƒ¢áƒ˜,,airport,Ğ°ÑÑ€Ğ¾Ğ¿Ğ¾Ñ€Ñ‚
5,1,World,City,ğŸ˜ï¸,áƒ‘áƒ˜áƒœáƒ,,apartment,ĞºĞ²Ğ°Ñ€Ñ‚Ğ¸Ñ€Ğ°
5,1,World,City,ğŸ§,áƒ‘áƒáƒœáƒ™áƒáƒ›áƒáƒ¢áƒ˜,,atm,Ğ±Ğ°Ğ½ĞºĞ¾Ğ¼Ğ°Ñ‚
5,1,World,City,ğŸ›ï¸,áƒ©áƒáƒœáƒ—áƒ,,bag,ÑÑƒĞ¼ĞºĞ°
5,1,World,City,ğŸ¦,áƒ‘áƒáƒœáƒ™áƒ˜,,bank,Ğ±Ğ°Ğ½Ğº
5,1,World,City,ğŸŒ‰,áƒ®áƒ˜áƒ“áƒ˜,,bridge,Ğ¼Ğ¾ÑÑ‚
5,1,World,City,â›ª,áƒ”áƒ™áƒšáƒ”áƒ¡áƒ˜áƒ,,church,Ñ†ĞµÑ€ĞºĞ¾Ğ²ÑŒ
5,1,World,City,ğŸ¬,áƒ™áƒ˜áƒœáƒáƒ—áƒ”áƒáƒ¢áƒ áƒ˜,,cinema,ĞºĞ¸Ğ½Ğ¾Ñ‚ĞµĞ°Ñ‚Ñ€
5,1,World,City,ğŸ­,áƒ¥áƒáƒ áƒ®áƒáƒœáƒ,,factory,Ñ„Ğ°Ğ±Ñ€Ğ¸ĞºĞ°
5,1,World,City,â›½,áƒáƒ•áƒ¢áƒáƒ’áƒáƒ¡áƒáƒ›áƒáƒ áƒ—áƒ˜,,gas station,Ğ·Ğ°Ğ¿Ñ€Ğ°Ğ²ĞºĞ°
5,1,World,City,ğŸ‹ï¸,áƒ¢áƒ áƒ”áƒœáƒáƒŸáƒáƒ áƒ”áƒ‘áƒ˜,,gym,Ñ„Ğ¸Ñ‚Ğ½ĞµÑ-ĞºĞ»ÑƒĞ±
5,1,World,City,ğŸ¥,áƒ¡áƒáƒáƒ•áƒáƒ“áƒ›áƒ§áƒáƒ¤áƒ,,hospital,Ğ±Ğ¾Ğ»ÑŒĞ½Ğ¸Ñ†Ğ°
5,1,World,City,ğŸ¨,áƒ¡áƒáƒ¡áƒ¢áƒ£áƒ›áƒ áƒ,,hotel,Ğ³Ğ¾ÑÑ‚Ğ¸Ğ½Ğ¸Ñ†Ğ°
5,1,World,City,ğŸ ,áƒ¡áƒáƒ®áƒšáƒ˜,,house / home,Ğ´Ğ¾Ğ¼ / Ğ¶Ğ¸Ğ»Ğ¸Ñ‰Ğµ
5,1,World,City,ğŸ“š,áƒ‘áƒ˜áƒ‘áƒšáƒ˜áƒáƒ—áƒ”áƒ™áƒ,,library,Ğ±Ğ¸Ğ±Ğ»Ğ¸Ğ¾Ñ‚ĞµĞºĞ°
5,1,World,City,ğŸ¢,áƒáƒ¤áƒ˜áƒ¡áƒ˜,,office,Ğ¾Ñ„Ğ¸Ñ
5,1,World,City,ğŸŒ³,áƒáƒáƒ áƒ™áƒ˜,,park,Ğ¿Ğ°Ñ€Ğº
5,1,World,City,ğŸ’Š,áƒáƒ¤áƒ—áƒ˜áƒáƒ¥áƒ˜,,pharmacy,Ğ°Ğ¿Ñ‚ĞµĞºĞ°
5,1,World,City,ğŸš”,áƒáƒáƒšáƒ˜áƒªáƒ˜áƒ˜áƒ¡ áƒ’áƒáƒœáƒ§áƒáƒ¤áƒ˜áƒšáƒ”áƒ‘áƒ,,police station,Ğ¿Ğ¾Ğ»Ğ¸Ñ†ĞµĞ¹ÑĞºĞ¸Ğ¹ ÑƒÑ‡Ğ°ÑÑ‚Ğ¾Ğº
5,1,World,City,âœ‰ï¸,áƒ¤áƒáƒ¡áƒ¢áƒ,,post office,Ğ¿Ğ¾Ñ‡Ñ‚Ğ°
5,1,World,City,ğŸ´,áƒ áƒ”áƒ¡áƒ¢áƒáƒ áƒáƒœáƒ˜,,restaurant,Ñ€ĞµÑÑ‚Ğ¾Ñ€Ğ°Ğ½
5,1,World,City,ğŸ«,áƒ¡áƒ™áƒáƒšáƒ,,school,ÑˆĞºĞ¾Ğ»Ğ°
5,1,World,City,ğŸ›’,áƒ›áƒáƒ¦áƒáƒ–áƒ˜áƒ,,store,Ğ¼Ğ°Ğ³Ğ°Ğ·Ğ¸Ğ½
5,1,World,City,ğŸ“,áƒ£áƒœáƒ˜áƒ•áƒ”áƒ áƒ¡áƒ˜áƒ¢áƒ”áƒ¢áƒ˜,,university,ÑƒĞ½Ğ¸Ğ²ĞµÑ€ÑĞ¸Ñ‚ĞµÑ‚
5,2,World,Transport,âœˆï¸,áƒ—áƒ•áƒ˜áƒ—áƒ›áƒ¤áƒ áƒ˜áƒœáƒáƒ•áƒ˜,,airplane,ÑĞ°Ğ¼Ğ¾Ğ»ĞµÑ‚
5,2,World,Transport,ğŸš‘,áƒ¡áƒáƒ¡áƒ¬áƒ áƒáƒ¤áƒ,,ambulance,ÑĞºĞ¾Ñ€Ğ°Ñ Ğ¿Ğ¾Ğ¼Ğ¾Ñ‰ÑŒ
5,2,World,Transport,ğŸš²,áƒ•áƒ”áƒšáƒáƒ¡áƒ˜áƒáƒ”áƒ“áƒ˜,,bicycle,Ğ²ĞµĞ»Ğ¾ÑĞ¸Ğ¿ĞµĞ´
5,2,World,Transport,ğŸš¤,áƒœáƒáƒ•áƒ˜,,boat,Ğ»Ğ¾Ğ´ĞºĞ°
5,2,World,Transport,ğŸšŒ,áƒáƒ•áƒ¢áƒáƒ‘áƒ£áƒ¡áƒ˜,,bus,Ğ°Ğ²Ñ‚Ğ¾Ğ±ÑƒÑ
5,2,World,Transport,ğŸš,áƒáƒ•áƒ¢áƒáƒ‘áƒ£áƒ¡áƒ˜áƒ¡ áƒ’áƒáƒ©áƒ”áƒ áƒ”áƒ‘áƒ,,bus stop,Ğ°Ğ²Ñ‚Ğ¾Ğ±ÑƒÑĞ½Ğ°Ñ Ğ¾ÑÑ‚Ğ°Ğ½Ğ¾Ğ²ĞºĞ°
5,2,World,Transport,ğŸš—,áƒ›áƒáƒœáƒ¥áƒáƒœáƒ,,car,Ğ¼Ğ°ÑˆĞ¸Ğ½Ğ°
5,2,World,Transport,ğŸš,áƒ•áƒ”áƒ áƒ¢áƒ›áƒ¤áƒ áƒ”áƒœáƒ˜,,helicopter,Ğ²ĞµÑ€Ñ‚Ğ¾Ğ»ĞµÑ‚
5,2,World,Transport,ğŸ—ºï¸,áƒ áƒ£áƒ™áƒ,,map,ĞºĞ°Ñ€Ñ‚Ğ°
5,2,World,Transport,ğŸ›µ,áƒ›áƒáƒáƒ”áƒ“áƒ˜,,moped,Ğ¼Ğ¾Ğ¿ĞµĞ´
5,2,World,Transport,ğŸï¸,áƒ›áƒáƒ¢áƒáƒªáƒ˜áƒ™áƒšáƒ˜,,motorcycle,Ğ¼Ğ¾Ñ‚Ğ¾Ñ†Ğ¸ĞºĞ»
5,2,World,Transport,ğŸš“,áƒáƒáƒšáƒ˜áƒªáƒ˜áƒ˜áƒ¡ áƒ›áƒáƒœáƒ¥áƒáƒœáƒ,,police car,Ğ¿Ğ¾Ğ»Ğ¸Ñ†ĞµĞ¹ÑĞºĞ°Ñ Ğ¼Ğ°ÑˆĞ¸Ğ½Ğ°
5,2,World,Transport,ğŸ›£ï¸,áƒ’áƒ–áƒ,,road,Ğ´Ğ¾Ñ€Ğ¾Ğ³Ğ°
5,2,World,Transport,ğŸ›´,áƒ¡áƒ™áƒ£áƒ¢áƒ”áƒ áƒ˜,,scooter,ÑĞ°Ğ¼Ğ¾ĞºĞ°Ñ‚
5,2,World,Transport,ğŸš¢,áƒ’áƒ”áƒ›áƒ˜,,ship,ĞºĞ¾Ñ€Ğ°Ğ±Ğ»ÑŒ
5,2,World,Transport,ğŸš‡,áƒ›áƒ”áƒ¢áƒ áƒ,,subway,Ğ¼ĞµÑ‚Ñ€Ğ¾
5,2,World,Transport,ğŸš•,áƒ¢áƒáƒ¥áƒ¡áƒ˜,,taxi,Ñ‚Ğ°ĞºÑĞ¸
5,2,World,Transport,ğŸ«,áƒ‘áƒ˜áƒšáƒ”áƒ—áƒ˜,,ticket,Ğ±Ğ¸Ğ»ĞµÑ‚
5,2,World,Transport,ğŸšœ,áƒ¢áƒ áƒáƒ¥áƒ¢áƒáƒ áƒ˜,,tractor,Ñ‚Ñ€Ğ°ĞºÑ‚Ğ¾Ñ€
5,2,World,Transport,ğŸš†,áƒ›áƒáƒ¢áƒáƒ áƒ”áƒ‘áƒ”áƒšáƒ˜,,train,Ğ¿Ğ¾ĞµĞ·Ğ´
5,2,World,Transport,ğŸšš,áƒ¡áƒáƒ¢áƒ•áƒ˜áƒ áƒ—áƒ,,truck,Ğ³Ñ€ÑƒĞ·Ğ¾Ğ²Ğ¸Ğº
5,3,World,Directions,â¬†ï¸,áƒ–áƒ”áƒ›áƒáƒ—,,above / up,ÑĞ²ĞµÑ€Ñ…Ñƒ / Ğ²Ğ²ĞµÑ€Ñ…
5,3,World,Directions,ğŸš—ğŸš¶,áƒ£áƒ™áƒáƒœ,,behind,ÑĞ·Ğ°Ğ´Ğ¸
5,3,World,Directions,ğŸ˜ï¸,áƒ’áƒ•áƒ”áƒ áƒ“áƒ˜áƒ—,,beside / next to,Ñ€ÑĞ´Ğ¾Ğ¼
5,3,World,Directions,ğŸ”­,áƒ¨áƒáƒ áƒ¡,,far,Ğ´Ğ°Ğ»ĞµĞºĞ¾
5,3,World,Directions,ğŸ“,áƒáƒ¥,,here,Ğ·Ğ´ĞµÑÑŒ
5,3,World,Directions,ğŸš¶ğŸš—,áƒ¬áƒ˜áƒœ,,in front,ÑĞ¿ĞµÑ€ĞµĞ´Ğ¸
5,3,World,Directions,ğŸ“¥,áƒ¨áƒ˜áƒ’áƒœáƒ˜áƒ—,,inside,Ğ²Ğ½ÑƒÑ‚Ñ€Ğ¸
5,3,World,Directions,â¬…ï¸,áƒ›áƒáƒ áƒªáƒ®áƒœáƒ˜áƒ•,,left,Ğ½Ğ°Ğ»ĞµĞ²Ğ¾
5,3,World,Directions,ğŸ”,áƒáƒ®áƒšáƒáƒ¡,,near / close,Ğ±Ğ»Ğ¸Ğ·ĞºĞ¾
5,3,World,Directions,ğŸ“¤,áƒ’áƒáƒ áƒ”áƒ—,,outside,ÑĞ½Ğ°Ñ€ÑƒĞ¶Ğ¸
5,3,World,Directions,â¡ï¸,áƒ›áƒáƒ áƒ¯áƒ•áƒœáƒ˜áƒ•,,right,Ğ½Ğ°Ğ¿Ñ€Ğ°Ğ²Ğ¾
5,3,World,Directions,ğŸ›£ï¸,áƒáƒ˜áƒ áƒ“áƒáƒáƒ˜áƒ ,,straight,Ğ¿Ñ€ÑĞ¼Ğ¾
5,3,World,Directions,ğŸ‘‰,áƒ˜áƒ¥,,there,Ñ‚Ğ°Ğ¼
5,3,World,Directions,â¬‡ï¸,áƒ¥áƒ•áƒ”áƒ¨ / áƒ¥áƒ•áƒ”áƒ›áƒáƒ—,,under / down,Ğ¿Ğ¾Ğ´ / Ğ²Ğ½Ğ¸Ğ·
5,4,World,Nature,ğŸ–ï¸,áƒáƒšáƒáƒŸáƒ˜,,beach,Ğ¿Ğ»ÑĞ¶
5,4,World,Nature,ğŸ•³ï¸,áƒ’áƒáƒ›áƒáƒ¥áƒ•áƒáƒ‘áƒ£áƒšáƒ˜,,cave,Ğ¿ĞµÑ‰ĞµÑ€Ğ°
5,4,World,Nature,ğŸœï¸,áƒ£áƒ“áƒáƒ‘áƒœáƒ,,desert,Ğ¿ÑƒÑÑ‚Ñ‹Ğ½Ñ
5,4,World,Nature,ğŸŒ,áƒ“áƒ”áƒ“áƒáƒ›áƒ˜áƒ¬áƒ,,earth,Ğ·ĞµĞ¼Ğ»Ñ
5,4,World,Nature,ğŸŒ¾,áƒ›áƒ˜áƒœáƒ“áƒáƒ áƒ˜,,field,Ğ¿Ğ¾Ğ»Ğµ
5,4,World,Nature,ğŸ”¥,áƒªáƒ”áƒªáƒ®áƒšáƒ˜,,fire,Ğ¾Ğ³Ğ¾Ğ½ÑŒ
5,4,World,Nature,ğŸŒ¸,áƒ§áƒ•áƒáƒ•áƒ˜áƒšáƒ˜,,flower,Ñ†Ğ²ĞµÑ‚Ğ¾Ğº
5,4,World,Nature,ğŸŒ²,áƒ¢áƒ§áƒ”,,forest,Ğ»ĞµÑ
5,4,World,Nature,ğŸ¡,áƒ‘áƒáƒ¦áƒ˜,,garden,ÑĞ°Ğ´
5,4,World,Nature,ğŸŒ±,áƒ‘áƒáƒšáƒáƒ®áƒ˜,,grass,Ñ‚Ñ€Ğ°Ğ²Ğ°
5,4,World,Nature,ğŸï¸,áƒ™áƒ£áƒœáƒ«áƒ£áƒšáƒ˜,,island,Ğ¾ÑÑ‚Ñ€Ğ¾Ğ²
5,4,World,Nature,ğŸš£â€â™‚ï¸,áƒ¢áƒ‘áƒ,,lake,Ğ¾Ğ·ĞµÑ€Ğ¾
5,4,World,Nature,ğŸ,áƒ¤áƒáƒ—áƒáƒšáƒ˜,,leaf,Ğ»Ğ¸ÑÑ‚
5,4,World,Nature,ğŸŒ™,áƒ›áƒ—áƒ•áƒáƒ áƒ”,,moon,Ğ»ÑƒĞ½Ğ°
5,4,World,Nature,ğŸ”ï¸,áƒ›áƒ—áƒ,,mountain,Ğ³Ğ¾Ñ€Ğ°
5,4,World,Nature,ğŸª´,áƒ›áƒªáƒ”áƒœáƒáƒ áƒ”,,plant,Ñ€Ğ°ÑÑ‚ĞµĞ½Ğ¸Ğµ
5,4,World,Nature,ğŸŒˆ,áƒªáƒ˜áƒ¡áƒáƒ áƒ¢áƒ§áƒ”áƒšáƒ,,rainbow,Ñ€Ğ°Ğ´ÑƒĞ³Ğ°
5,4,World,Nature,ğŸï¸,áƒ›áƒ“áƒ˜áƒœáƒáƒ áƒ”,,river,Ñ€ĞµĞºĞ°
5,4,World,Nature,ğŸª¨,áƒ¥áƒ•áƒ,,rock,ĞºĞ°Ğ¼ĞµĞ½ÑŒ
5,4,World,Nature,ğŸŒŠ,áƒ–áƒ¦áƒ•áƒ,,sea,Ğ¼Ğ¾Ñ€Ğµ
5,4,World,Nature,âœ¨,áƒ•áƒáƒ áƒ¡áƒ™áƒ•áƒšáƒáƒ•áƒ”áƒ‘áƒ˜,,stars,Ğ·Ğ²ĞµĞ·Ğ´Ñ‹
5,4,World,Nature,â˜€ï¸,áƒ›áƒ–áƒ”,,sun,ÑĞ¾Ğ»Ğ½Ñ†Ğµ
5,4,World,Nature,ğŸŒ³,áƒ®áƒ”,,tree,Ğ´ĞµÑ€ĞµĞ²Ğ¾
5,4,World,Nature,ğŸ’§,áƒ¬áƒ§áƒáƒšáƒ˜,,water,Ğ²Ğ¾Ğ´Ğ°
5,5,World,Animals,ğŸœ,áƒ­áƒ˜áƒáƒœáƒ­áƒ•áƒ”áƒšáƒ,,ant,Ğ¼ÑƒÑ€Ğ°Ğ²ĞµĞ¹
5,5,World,Animals,ğŸ»,áƒ“áƒáƒ—áƒ•áƒ˜,,bear,Ğ¼ĞµĞ´Ğ²ĞµĞ´ÑŒ
5,5,World,Animals,ğŸ,áƒ¤áƒ£áƒ¢áƒ™áƒáƒ áƒ˜,,bee,Ğ¿Ñ‡ĞµĞ»Ğ°
5,5,World,Animals,ğŸ¦,áƒ©áƒ˜áƒ¢áƒ˜,,bird,Ğ¿Ñ‚Ğ¸Ñ†Ğ°
5,5,World,Animals,ğŸ¦‹,áƒáƒ”áƒáƒ”áƒšáƒ,,butterfly,Ğ±Ğ°Ğ±Ğ¾Ñ‡ĞºĞ°
5,5,World,Animals,ğŸ±,áƒ™áƒáƒ¢áƒ,,cat,ĞºĞ¾Ñ‚ / ĞºĞ¾ÑˆĞºĞ°
5,5,World,Animals,ğŸ”,áƒ¥áƒáƒ—áƒáƒ›áƒ˜,,chicken,ĞºÑƒÑ€Ğ¸Ñ†Ğ°
5,5,World,Animals,ğŸ®,áƒ«áƒ áƒáƒ®áƒ,,cow,ĞºĞ¾Ñ€Ğ¾Ğ²Ğ°
5,5,World,Animals,ğŸ¶,áƒ«áƒáƒ¦áƒšáƒ˜,,dog,ÑĞ¾Ğ±Ğ°ĞºĞ°
5,5,World,Animals,ğŸ¬,áƒ“áƒ”áƒšáƒ¤áƒ˜áƒœáƒ˜,,dolphin,Ğ´ĞµĞ»ÑŒÑ„Ğ¸Ğ½
5,5,World,Animals,ğŸ¦†,áƒ˜áƒ®áƒ•áƒ˜,,duck,ÑƒÑ‚ĞºĞ°
5,5,World,Animals,ğŸ¦…,áƒáƒ áƒ¬áƒ˜áƒ•áƒ˜,,eagle,Ğ¾Ñ€Ñ‘Ğ»
5,5,World,Animals,ğŸ˜,áƒ¡áƒáƒ˜áƒšáƒ,,elephant,ÑĞ»Ğ¾Ğ½
5,5,World,Animals,ğŸŸ,áƒ—áƒ”áƒ•áƒ–áƒ˜,,fish,Ñ€Ñ‹Ğ±Ğ°
5,5,World,Animals,ğŸ¦Š,áƒ›áƒ”áƒšáƒ,,fox,Ğ»Ğ¸ÑĞ°
5,5,World,Animals,ğŸ¸,áƒ‘áƒáƒ§áƒáƒ§áƒ˜,,frog,Ğ»ÑĞ³ÑƒÑˆĞºĞ°
5,5,World,Animals,ğŸ,áƒ—áƒ®áƒ,,goat,ĞºĞ¾Ğ·Ğ°
5,5,World,Animals,ğŸ´,áƒªáƒ®áƒ”áƒœáƒ˜,,horse,Ğ»Ğ¾ÑˆĞ°Ğ´ÑŒ
5,5,World,Animals,ğŸ¦,áƒšáƒáƒ›áƒ˜,,lion,Ğ»ĞµĞ²
5,5,World,Animals,ğŸµ,áƒ›áƒáƒ˜áƒ›áƒ£áƒœáƒ˜,,monkey,Ğ¾Ğ±ĞµĞ·ÑŒÑĞ½Ğ°
5,5,World,Animals,ğŸ¦Ÿ,áƒ™áƒáƒ¦áƒ,,mosquito,ĞºĞ¾Ğ¼Ğ°Ñ€
5,5,World,Animals,ğŸ­,áƒ—áƒáƒ’áƒ•áƒ˜,,mouse,Ğ¼Ñ‹ÑˆÑŒ
5,5,World,Animals,ğŸ¦‰,áƒ‘áƒ£,,owl,ÑĞ¾Ğ²Ğ°
5,5,World,Animals,ğŸ§,áƒáƒ˜áƒœáƒ’áƒ•áƒ˜áƒœáƒ˜,,penguin,Ğ¿Ğ¸Ğ½Ğ³Ğ²Ğ¸Ğ½
5,5,World,Animals,ğŸ·,áƒ¦áƒáƒ áƒ˜,,pig,ÑĞ²Ğ¸Ğ½ÑŒÑ
5,5,World,Animals,ğŸ°,áƒ™áƒ£áƒ áƒ“áƒ¦áƒ”áƒšáƒ˜,,rabbit,ĞºÑ€Ğ¾Ğ»Ğ¸Ğº
5,5,World,Animals,ğŸ¦ˆ,áƒ–áƒ•áƒ˜áƒ’áƒ”áƒœáƒ˜,,shark,Ğ°ĞºÑƒĞ»Ğ°
5,5,World,Animals,ğŸ‘,áƒªáƒ®áƒ•áƒáƒ áƒ˜,,sheep,Ğ¾Ğ²Ñ†Ğ°
5,5,World,Animals,ğŸ¦,áƒ™áƒ áƒ”áƒ•áƒ”áƒ¢áƒ˜,,shrimp,ĞºÑ€ĞµĞ²ĞµÑ‚ĞºĞ°
5,5,World,Animals,ğŸŒ,áƒšáƒáƒ™áƒáƒ™áƒ˜áƒœáƒ,,snail,ÑƒĞ»Ğ¸Ñ‚ĞºĞ°
5,5,World,Animals,ğŸ,áƒ’áƒ•áƒ”áƒšáƒ˜,,snake,Ğ·Ğ¼ĞµÑ
5,5,World,Animals,ğŸ•·ï¸,áƒáƒ‘áƒáƒ‘áƒ,,spider,Ğ¿Ğ°ÑƒĞº
5,5,World,Animals,ğŸ¯,áƒ•áƒ”áƒ¤áƒ®áƒ•áƒ˜,,tiger,Ñ‚Ğ¸Ğ³Ñ€
5,5,World,Animals,ğŸ¢,áƒ™áƒ£,,turtle,Ñ‡ĞµÑ€ĞµĞ¿Ğ°Ñ…Ğ°
5,5,World,Animals,ğŸ‹,áƒ•áƒ”áƒ¨áƒáƒáƒ˜,,whale,ĞºĞ¸Ñ‚
5,5,World,Animals,ğŸº,áƒ›áƒ’áƒ”áƒšáƒ˜,,wolf,Ğ²Ğ¾Ğ»Ğº
5,6,World,Weather,â˜ï¸,áƒ›áƒáƒ¦áƒ áƒ£áƒ‘áƒšáƒ£áƒšáƒ˜,,cloudy,Ğ¾Ğ±Ğ»Ğ°Ñ‡Ğ½Ğ¾
5,6,World,Weather,ğŸ¥¶,áƒªáƒ˜áƒ•áƒ˜,,cold,Ñ…Ğ¾Ğ»Ğ¾Ğ´Ğ½Ñ‹Ğ¹
5,6,World,Weather,ğŸŒ«ï¸,áƒœáƒ˜áƒ¡áƒšáƒ˜áƒáƒœáƒ˜,,foggy,Ñ‚ÑƒĞ¼Ğ°Ğ½Ğ½Ñ‹Ğ¹
5,6,World,Weather,ğŸ¥µ,áƒªáƒ®áƒ”áƒšáƒ,,hot,Ğ¶Ğ°Ñ€ĞºĞ¾
5,6,World,Weather,ğŸ§Š,áƒ§áƒ˜áƒœáƒ£áƒšáƒáƒ•áƒáƒœáƒ˜,,icy,Ğ»ĞµĞ´ÑĞ½Ğ¾Ğ¹
5,6,World,Weather,ğŸŒ§ï¸,áƒ¬áƒ•áƒ˜áƒ›áƒ˜áƒáƒœáƒ˜,,rainy,Ğ´Ğ¾Ğ¶Ğ´Ğ»Ğ¸Ğ²Ñ‹Ğ¹
5,6,World,Weather,ğŸŒŒ,áƒªáƒ,,sky,Ğ½ĞµĞ±Ğ¾
5,6,World,Weather,ğŸŒ¨ï¸,áƒ—áƒáƒ•áƒšáƒ˜áƒáƒœáƒ˜,,snowy,ÑĞ½ĞµĞ¶Ğ½Ñ‹Ğ¹
5,6,World,Weather,â›ˆï¸,áƒ­áƒ”áƒ¥áƒ-áƒ¥áƒ£áƒ®áƒ˜áƒšáƒ˜,,stormy,Ğ³Ñ€Ğ¾Ğ·Ğ°
5,6,World,Weather,â˜€ï¸,áƒ›áƒ–áƒ˜áƒáƒœáƒ˜,,sunny,ÑĞ¾Ğ»Ğ½ĞµÑ‡Ğ½Ğ¾
5,6,World,Weather,ğŸŒ¦ï¸,áƒáƒ›áƒ˜áƒœáƒ“áƒ˜,,weather,Ğ¿Ğ¾Ğ³Ğ¾Ğ´Ğ°
5,6,World,Weather,ğŸŒ¬ï¸,áƒ¥áƒáƒ áƒ˜áƒáƒœáƒ˜,,windy,Ğ²ĞµÑ‚Ñ€ĞµĞ½Ğ¾
6,1,Attributes,Descriptors,ğŸ‘,áƒªáƒ£áƒ“áƒ˜,,bad,Ğ¿Ğ»Ğ¾Ñ…Ğ¾Ğ¹
6,1,Attributes,Descriptors,ğŸŒº,áƒšáƒáƒ›áƒáƒ–áƒ˜,,beautiful,ĞºÑ€Ğ°ÑĞ¸Ğ²Ñ‹Ğ¹
6,1,Attributes,Descriptors,ğŸ˜,áƒ“áƒ˜áƒ“áƒ˜,,big,Ğ±Ğ¾Ğ»ÑŒÑˆĞ¾Ğ¹
6,1,Attributes,Descriptors,ğŸ’”,áƒ’áƒáƒ¢áƒ”áƒ®áƒ˜áƒšáƒ˜,,broken,ÑĞ»Ğ¾Ğ¼Ğ°Ğ½Ğ½Ñ‹Ğ¹
6,1,Attributes,Descriptors,ğŸ·ï¸,áƒ˜áƒáƒ¤áƒ˜,,cheap,Ğ´ĞµÑˆĞµĞ²Ñ‹Ğ¹
6,1,Attributes,Descriptors,ğŸ§¼,áƒ¡áƒ£áƒ¤áƒ—áƒ,,clean,Ñ‡Ğ¸ÑÑ‚Ñ‹Ğ¹
6,1,Attributes,Descriptors,ğŸ”’,áƒ“áƒáƒ®áƒ£áƒ áƒ£áƒšáƒ˜,,closed,Ğ·Ğ°ĞºÑ€Ñ‹Ñ‚Ğ¾
6,1,Attributes,Descriptors,â„ï¸,áƒªáƒ˜áƒ•áƒ˜,,cold,Ñ…Ğ¾Ğ»Ğ¾Ğ´Ğ½Ñ‹Ğ¹
6,1,Attributes,Descriptors,ğŸ§©,áƒ áƒ—áƒ£áƒšáƒ˜,,difficult,Ñ‚Ñ€ÑƒĞ´Ğ½Ñ‹Ğ¹
6,1,Attributes,Descriptors,ğŸ’©,áƒ­áƒ£áƒ­áƒ§áƒ˜áƒáƒœáƒ˜,,dirty,Ğ³Ñ€ÑĞ·Ğ½Ñ‹Ğ¹
6,1,Attributes,Descriptors,ğŸœï¸,áƒ›áƒ¨áƒ áƒáƒšáƒ˜,,dry,ÑÑƒÑ…Ğ¾Ğ¹
6,1,Attributes,Descriptors,ğŸ«™,áƒªáƒáƒ áƒ˜áƒ”áƒšáƒ˜,,empty,Ğ¿ÑƒÑÑ‚Ğ¾Ğ¹
6,1,Attributes,Descriptors,ğŸ’,áƒ«áƒ•áƒ˜áƒ áƒ˜,,expensive,Ğ´Ğ¾Ñ€Ğ¾Ğ³Ğ¾Ğ¹
6,1,Attributes,Descriptors,ğŸï¸,áƒ¡áƒ¬áƒ áƒáƒ¤áƒ˜,,fast,Ğ±Ñ‹ÑÑ‚Ñ€Ñ‹Ğ¹
6,1,Attributes,Descriptors,ğŸº,áƒ¡áƒáƒ•áƒ¡áƒ”,,full,Ğ¿Ğ¾Ğ»Ğ½Ñ‹Ğ¹
6,1,Attributes,Descriptors,ğŸ‘,áƒ™áƒáƒ áƒ’áƒ˜,,good,Ñ…Ğ¾Ñ€Ğ¾ÑˆĞ¸Ğ¹
6,1,Attributes,Descriptors,ğŸŒ—,áƒœáƒáƒ®áƒ”áƒ•áƒáƒ áƒ˜,,half,Ğ¿Ğ¾Ğ»Ğ¾Ğ²Ğ¸Ğ½Ğ°
6,1,Attributes,Descriptors,ğŸ§±,áƒ›áƒáƒ’áƒáƒ áƒ˜,,hard,Ñ‚Ğ²Ñ‘Ñ€Ğ´Ñ‹Ğ¹
6,1,Attributes,Descriptors,ğŸ‹ï¸,áƒ›áƒ«áƒ˜áƒ›áƒ”,,heavy,Ñ‚ÑĞ¶ĞµĞ»Ñ‹Ğ¹
6,1,Attributes,Descriptors,ğŸ”¥,áƒªáƒ®áƒ”áƒšáƒ˜,,hot,Ğ³Ğ¾Ñ€ÑÑ‡Ğ¸Ğ¹
6,1,Attributes,Descriptors,â—,áƒ›áƒœáƒ˜áƒ¨áƒ•áƒœáƒ”áƒšáƒáƒ•áƒáƒœáƒ˜,,important,Ğ²Ğ°Ğ¶Ğ½Ñ‹Ğ¹
6,1,Attributes,Descriptors,ğŸª¶,áƒ›áƒ¡áƒ£áƒ‘áƒ£áƒ¥áƒ˜,,light,Ğ»Ñ‘Ğ³ĞºĞ¸Ğ¹
6,1,Attributes,Descriptors,âœ¨,áƒáƒ®áƒáƒšáƒ˜,,new,Ğ½Ğ¾Ğ²Ñ‹Ğ¹
6,1,Attributes,Descriptors,ğŸšï¸,áƒ«áƒ•áƒ”áƒšáƒ˜,,old,ÑÑ‚Ğ°Ñ€Ñ‹Ğ¹
6,1,Attributes,Descriptors,ğŸ”“,áƒ¦áƒ˜áƒ,,open,Ğ¾Ñ‚ĞºÑ€Ñ‹Ñ‚Ñ‹Ğ¹
6,1,Attributes,Descriptors,ğŸŒ±,áƒ“áƒáƒ‘áƒáƒšáƒ˜,,short (height),Ğ½Ğ¸Ğ·ĞºĞ¸Ğ¹
6,1,Attributes,Descriptors,ğŸ¤,áƒ›áƒáƒ™áƒšáƒ”,,short (length),ĞºĞ¾Ñ€Ğ¾Ñ‚ĞºĞ¸Ğ¹
6,1,Attributes,Descriptors,âœ…,áƒ›áƒáƒ áƒ¢áƒ˜áƒ•áƒ˜,,simple,Ğ¿Ñ€Ğ¾ÑÑ‚Ğ¾Ğ¹
6,1,Attributes,Descriptors,ğŸ¢,áƒœáƒ”áƒšáƒ˜,,slow,Ğ¼ĞµĞ´Ğ»ĞµĞ½Ğ½Ñ‹Ğ¹
6,1,Attributes,Descriptors,ğŸ­,áƒáƒáƒ¢áƒáƒ áƒ,,small,Ğ¼Ğ°Ğ»ĞµĞ½ÑŒĞºĞ¸Ğ¹
6,1,Attributes,Descriptors,ğŸ§Š,áƒ’áƒšáƒ£áƒ•áƒ˜,,smooth,Ğ³Ğ»Ğ°Ğ´ĞºĞ¸Ğ¹
6,1,Attributes,Descriptors,â˜ï¸,áƒ áƒ‘áƒ˜áƒšáƒ˜,,soft,Ğ¼ÑĞ³ĞºĞ¸Ğ¹
6,1,Attributes,Descriptors,ğŸ¦’,áƒ›áƒáƒ¦áƒáƒšáƒ˜,,tall,Ğ²Ñ‹ÑĞ¾ĞºĞ¸Ğ¹
6,1,Attributes,Descriptors,ğŸ’¦,áƒ¡áƒ•áƒ”áƒšáƒ˜,,wet,Ğ¼Ğ¾ĞºÑ€Ñ‹Ğ¹
6,2,Attributes,Frequency,ğŸŒ•,áƒ§áƒáƒ•áƒ”áƒšáƒ—áƒ•áƒ˜áƒ¡,,always,Ğ²ÑĞµĞ³Ğ´Ğ°
6,2,Attributes,Frequency,ğŸ†,áƒ§áƒáƒ•áƒ”áƒšáƒ¬áƒšáƒ˜áƒ£áƒ áƒáƒ“,,annually,ĞµĞ¶ĞµĞ³Ğ¾Ğ´Ğ½Ğ¾
6,2,Attributes,Frequency,â˜€ï¸,áƒ§áƒáƒ•áƒ”áƒšáƒ“áƒ¦áƒ˜áƒ£áƒ áƒáƒ“,,daily,ĞµĞ¶ĞµĞ´Ğ½ĞµĞ²Ğ½Ğ¾
6,2,Attributes,Frequency,ğŸŒ™,áƒ§áƒáƒ•áƒ”áƒšáƒ—áƒ•áƒ˜áƒ£áƒ áƒáƒ“,,monthly,ĞµĞ¶ĞµĞ¼ĞµÑÑÑ‡Ğ½Ğ¾
6,2,Attributes,Frequency,ğŸŒ‘,áƒáƒ áƒáƒ¡áƒ“áƒ áƒáƒ¡,,never,Ğ½Ğ¸ĞºĞ¾Ğ³Ğ´Ğ°
6,2,Attributes,Frequency,ğŸŒ”,áƒ®áƒ¨áƒ˜áƒ áƒáƒ“,,often,Ñ‡Ğ°ÑÑ‚Ğ¾
6,2,Attributes,Frequency,1ï¸âƒ£,áƒ”áƒ áƒ—áƒ®áƒ”áƒš,,once,Ğ¾Ğ´Ğ¸Ğ½ Ñ€Ğ°Ğ·
6,2,Attributes,Frequency,ğŸŒ’,áƒ˜áƒ¨áƒ•áƒ˜áƒáƒ—áƒáƒ“,,rarely,Ñ€ĞµĞ´ĞºĞ¾
6,2,Attributes,Frequency,ğŸŒ“,áƒ®áƒáƒœáƒ“áƒáƒ®áƒáƒœ,,sometimes,Ğ¸Ğ½Ğ¾Ğ³Ğ´Ğ°
6,2,Attributes,Frequency,3ï¸âƒ£,áƒ¡áƒáƒ›áƒ¯áƒ”áƒ ,,three times,Ñ‚Ñ€Ğ¸ Ñ€Ğ°Ğ·Ğ°
6,2,Attributes,Frequency,2ï¸âƒ£,áƒáƒ áƒ¯áƒ”áƒ ,,two times,Ğ´Ğ²Ğ° Ñ€Ğ°Ğ·Ğ°
6,2,Attributes,Frequency,7ï¸âƒ£,áƒ§áƒáƒ•áƒ”áƒšáƒ™áƒ•áƒ˜áƒ áƒ”áƒ£áƒšáƒáƒ“,,weekly,ĞµĞ¶ĞµĞ½ĞµĞ´ĞµĞ»ÑŒĞ½Ğ¾
6,3,Attributes,Colors,âš«,áƒ¨áƒáƒ•áƒ˜,,black,Ñ‡ĞµÑ€Ğ½Ñ‹Ğ¹
6,3,Attributes,Colors,ğŸ”µ,áƒšáƒ£áƒ áƒ¯áƒ˜,,blue,ÑĞ¸Ğ½Ğ¸Ğ¹
6,3,Attributes,Colors,ğŸŸ¤,áƒ§áƒáƒ•áƒ˜áƒ¡áƒ¤áƒ”áƒ áƒ˜,,brown,ĞºĞ¾Ñ€Ğ¸Ñ‡Ğ½ĞµĞ²Ñ‹Ğ¹
6,3,Attributes,Colors,ğŸ¨,áƒ¤áƒ”áƒ áƒ˜,,color,Ñ†Ğ²ĞµÑ‚
6,3,Attributes,Colors,ğŸŒ‘,áƒ›áƒ£áƒ¥áƒ˜,,dark,Ñ‚ĞµĞ¼Ğ½Ñ‹Ğ¹
6,3,Attributes,Colors,ğŸ¥‡,áƒáƒ¥áƒ áƒáƒ¡áƒ¤áƒ”áƒ áƒ˜,,gold,Ğ·Ğ¾Ğ»Ğ¾Ñ‚Ğ¾Ğ¹
6,3,Attributes,Colors,ğŸŸ¢,áƒ›áƒ¬áƒ•áƒáƒœáƒ”,,green,Ğ·ĞµĞ»ĞµĞ½Ñ‹Ğ¹
6,3,Attributes,Colors,ğŸ©¶,áƒœáƒáƒªáƒ áƒ˜áƒ¡áƒ¤áƒ”áƒ áƒ˜,,grey,ÑĞµÑ€Ñ‹Ğ¹
6,3,Attributes,Colors,ğŸŒ•,áƒ¦áƒ˜áƒ,,light (color),ÑĞ²ĞµÑ‚Ğ»Ñ‹Ğ¹
6,3,Attributes,Colors,ğŸ©µ,áƒªáƒ˜áƒ¡áƒ¤áƒ”áƒ áƒ˜,,light blue / sky blue,Ğ³Ğ¾Ğ»ÑƒĞ±Ğ¾Ğ¹
6,3,Attributes,Colors,ğŸŸ ,áƒœáƒáƒ áƒ˜áƒœáƒ¯áƒ˜áƒ¡áƒ¤áƒ”áƒ áƒ˜,,orange,Ğ¾Ñ€Ğ°Ğ½Ğ¶ĞµĞ²Ñ‹Ğ¹
6,3,Attributes,Colors,ğŸ©·,áƒ•áƒáƒ áƒ“áƒ˜áƒ¡áƒ¤áƒ”áƒ áƒ˜,,pink,Ñ€Ğ¾Ğ·Ğ¾Ğ²Ñ‹Ğ¹
6,3,Attributes,Colors,ğŸ´,áƒ£áƒ‘áƒ áƒáƒšáƒ,,plain,Ğ¿Ñ€Ğ¾ÑÑ‚Ğ¾Ğ¹
6,3,Attributes,Colors,ğŸŸ£,áƒ˜áƒáƒ¡áƒáƒ›áƒœáƒ˜áƒ¡áƒ¤áƒ”áƒ áƒ˜ / áƒ˜áƒ˜áƒ¡áƒ¤áƒ”áƒ áƒ˜,,purple,Ñ„Ğ¸Ğ¾Ğ»ĞµÑ‚Ğ¾Ğ²Ñ‹Ğ¹
6,3,Attributes,Colors,ğŸ”´,áƒ¬áƒ˜áƒ—áƒ”áƒšáƒ˜,,red,ĞºÑ€Ğ°ÑĞ½Ñ‹Ğ¹
6,3,Attributes,Colors,ğŸ¥ˆ,áƒ•áƒ”áƒ áƒªáƒ®áƒšáƒ˜áƒ¡áƒ¤áƒ”áƒ áƒ˜,,silver,ÑĞµÑ€ĞµĞ±Ñ€Ğ¸ÑÑ‚Ñ‹Ğ¹
6,3,Attributes,Colors,ğŸ¦“,áƒ–áƒáƒšáƒ˜áƒáƒœáƒ˜,,striped,Ğ¿Ğ¾Ğ»Ğ¾ÑĞ°Ñ‚Ñ‹Ğ¹
6,3,Attributes,Colors,âšª,áƒ—áƒ”áƒ—áƒ áƒ˜,,white,Ğ±ĞµĞ»Ñ‹Ğ¹
6,3,Attributes,Colors,ğŸŸ¡,áƒ§áƒ•áƒ˜áƒ—áƒ”áƒšáƒ˜,,yellow,Ğ¶ĞµĞ»Ñ‚Ñ‹Ğ¹
6,4,Attributes,Geometry,ğŸ“¦,áƒ§áƒ£áƒ—áƒ˜,,box,ĞºĞ¾Ñ€Ğ¾Ğ±ĞºĞ°
6,4,Attributes,Geometry,â­•,áƒ¬áƒ áƒ”,,circle,ĞºÑ€ÑƒĞ³
6,4,Attributes,Geometry,âˆŸ,áƒ™áƒ£áƒ—áƒ®áƒ”,,corner,ÑƒĞ³Ğ¾Ğ»
6,4,Attributes,Geometry,â•,áƒ¯áƒ•áƒáƒ áƒ˜,,cross,ĞºÑ€ĞµÑÑ‚
6,4,Attributes,Geometry,ğŸ›¢ï¸,áƒªáƒ˜áƒšáƒ˜áƒœáƒ“áƒ áƒ˜,,cylinder,Ñ†Ğ¸Ğ»Ğ¸Ğ½Ğ´Ñ€
6,4,Attributes,Geometry,ğŸ’ ,áƒ áƒáƒ›áƒ‘áƒ˜,,diamond,Ñ€Ğ¾Ğ¼Ğ±
6,4,Attributes,Geometry,ğŸ“,áƒ›áƒ®áƒáƒ áƒ”,,edge / side,ÑÑ‚Ğ¾Ñ€Ğ¾Ğ½Ğ°
6,4,Attributes,Geometry,ğŸ“,áƒ‘áƒ áƒ¢áƒ§áƒ”áƒšáƒ˜,,flat,Ğ¿Ğ»Ğ¾ÑĞºĞ¸Ğ¹
6,4,Attributes,Geometry,â–,áƒ®áƒáƒ–áƒ˜,,line,Ğ»Ğ¸Ğ½Ğ¸Ñ
6,4,Attributes,Geometry,ğŸ“,áƒ¬áƒ”áƒ áƒ¢áƒ˜áƒšáƒ˜,,point,Ñ‚Ğ¾Ñ‡ĞºĞ°
6,4,Attributes,Geometry,ğŸŸ¡,áƒ›áƒ áƒ’áƒ•áƒáƒšáƒ˜,,round,ĞºÑ€ÑƒĞ³Ğ»Ñ‹Ğ¹
6,4,Attributes,Geometry,âš½,áƒ¡áƒ¤áƒ”áƒ áƒ,,sphere,ÑÑ„ĞµÑ€Ğ°
6,4,Attributes,Geometry,â¬›,áƒ™áƒ•áƒáƒ“áƒ áƒáƒ¢áƒ˜,,square,ĞºĞ²Ğ°Ğ´Ñ€Ğ°Ñ‚
6,4,Attributes,Geometry,â­,áƒ•áƒáƒ áƒ¡áƒ™áƒ•áƒšáƒáƒ•áƒ˜,,star,Ğ·Ğ²ĞµĞ·Ğ´Ğ°
6,4,Attributes,Geometry,ğŸ”º,áƒ¡áƒáƒ›áƒ™áƒ£áƒ—áƒ®áƒ”áƒ“áƒ˜,,triangle,Ñ‚Ñ€ĞµÑƒĞ³Ğ¾Ğ»ÑŒĞ½Ğ¸Ğº